Type,0,1,2,3,4,5,6,7,8,9,10,11,12,13,14,15,16,17,18,19,20,21,22,23,24,25,26,27,28,29,30,31,32,33,34,35,36,37,38,39,40,41,42,43,44,45,46,47,48,49,50,51,52,53,54,55,56,57,58,59,60,61,62,63,64,65,66,67,68,69,70,71,72,73,74,75,76,77,78,79,80,81,82,83,84,85,86,87,88,89,90,91,92,93,94,95,96,97,98,99,100,101,102,103,104,105,106,107,108,109,110,111,112,113,114,115,116,117,118,119,120,121,122,123,124,125,126,127,128,129,130,131,132,133,134,135,136,137,138,139,140,141,142,143,144,145,146,147,148,149,150,151,152,153,154,155,156,157,158,159,160,161,162,163,164,165,166,167,168,169,170,171,172,173,174,175,176,177,178,179,180,181,182,183,184,185,186,187,188,189,190,191,192,193,194,195,196,197,198,199,200,201,202,203,204,205,206,207,208,209,210,211,212,213,214,215,216,217,218,219,220,221,222,223,224,225,226,227,228,229,230,231,232,233,234,235,236,237,238,239,240,241,242,243,244,245,246,247,248,249,250,251,252,253,254,255,256,257,258,259,260,261,262,263,264,265,266,267,268,269,270,271,272,273,274,275,276,277,278,279,280,281,282,283,284,285,286,287,288,289,290,291,292,293,294,295,296,297,298,299,300,301,302,303,304,305,306,307,308,309,310,311,312,313,314,315,316,317,318,319
EMBA_EMECA_1,0,0,0,0,0,0,0,0,0,0,0,0,0,0,0,0,0,0,0,0,0,0,0,0,0,0,0,0,0,0,0,0,0,0,0,0,0,0,0,0,0,0,0,0,0,0,0,0,0,0,0,0,0,0,0,0,0,0,0,0,0,0,0,0,0,0,0,0,0,0,0,0,0,0,0,0,0,0,0,0,0,0,0,0,0,0,0,0,0,0,0,0,0,0,0,0,0,0,0,0,0,0,0,0,0,0,0,0,0,0,0,0,0,0,0,0,0,0,0,0,0,0,0,0,0,0,0,0,0,0,0,0,0,0,0,0,0,0,0,0,0,0,0,0,0,0,0,0,0,0,0,0,0,0,0,0,0,0,0,0,0,0,0,0,0,0,0,0,0,0,0,0,0,0,0,0,0,0,0,0,0,0,0,0,0,0,0,0,0,0,0,0,0,0,0,0,0,0,0,0,0,0,0,0,0,0,0,0,0,0,0,0,0,0,0,0,0,0,0,0,0,0,0,0,0,0,0,0,0,0,0,0,0,0,0,0,0,0,0,0,0,0,0,0,0,0,0,0,0,0,0,0,0,0,0,0,0,0,0,0,0,0,0,0,0,0,0,0,0,0,0,0,0,0,0,0,0,0,0,0,0,0,0,0,0,0,0,0,0,0,0,0,0,0,0,0,0,0,0,0,0,0,0,0,0,0,0,0,0,0,0,0,0,0,0,0,0,0,0,0
EMBA_EMECA_2,0,0,0,0,0,0,0,0,0,0,0,0,0,0,0,0,0,0,0,0,0,0,0,0,0,0,0,0,0,0,0,0,0,0,0,0,0,0,0,0,0,0,0,0,0,0,0,0,0,0,0,0,0,0,0,0,0,0,0,0,0,1,1,1,1,1,1,1,0,0,0,0,1,1,1,1,1,1,1,1,0,1,1,1,1,1,1,1,0,0,0,0,1,1,1,1,1,1,1,1,0,0,0,0,0,0,0,0,0,0,0,0,0,0,0,0,0,0,0,0,0,0,0,0,0,0,0,0,0,0,0,0,0,0,0,0,0,0,0,0,0,0,0,0,0,0,0,0,0,0,0,0,0,0,0,0,0,0,0,0,0,0,0,0,1,1,1,1,0,0,0,0,1,0,1,1,1,1,1,1,0,0,0,0,0,0,0,0,0,0,0,0,0,0,0,0,0,0,0,0,0,0,0,0,0,0,0,0,0,0,0,0,0,0,0,0,0,0,0,0,0,0,0,0,0,0,0,0,0,0,0,0,0,0,0,0,0,0,0,0,0,1,1,1,1,1,1,1,0,0,0,0,1,1,1,1,1,1,1,1,0,0,0,0,0,0,0,0,0,0,0,0,0,0,0,0,0,0,0,0,0,0,0,0,0,0,0,0,0,0,0,0,0,0,0,0,0,0,0,0,0,0,0,0,0,0,0,0,0,0,0,0,0,0,0,0,0,0,0,0
EMBA_EMECA_3,0,0,0,0,0,0,0,0,0,0,0,0,0,0,0,0,0,0,0,0,0,0,0,0,0,0,0,0,0,0,0,0,0,0,0,0,0,0,0,0,0,0,0,0,0,0,0,0,0,0,0,0,0,0,0,0,0,0,0,0,1,2,2,2,2,2,2,2,1,1,1,1,2,2,2,2,2,2,2,2,1,2,2,2,2,2,2,2,1,1,1,1,0,2,2,2,2,2,2,2,0,0,0,0,0,0,0,0,0,0,0,0,0,0,0,0,0,0,0,0,0,0,0,0,0,0,0,0,0,0,0,0,0,0,0,0,0,0,0,0,0,0,0,0,0,0,0,0,0,0,0,0,0,0,0,0,0,0,0,0,1,1,1,1,2,2,2,2,1,1,1,1,2,1,2,2,2,2,2,2,0,0,0,0,0,0,0,0,0,0,0,0,0,0,0,0,0,0,0,0,0,0,0,0,0,0,0,0,0,0,0,0,0,0,0,0,0,0,0,0,1,1,1,1,1,1,1,1,1,1,1,1,1,1,1,1,1,1,1,1,1,2,2,2,2,2,2,2,1,1,1,1,2,2,2,2,2,2,2,2,0,0,0,0,0,0,0,0,0,0,0,0,0,0,0,0,0,0,0,0,0,0,0,0,0,0,0,0,0,0,0,0,0,0,0,0,0,0,0,0,0,0,0,0,0,0,0,0,0,0,0,0,0,0,0,0,0,0,0,0
EMBA_EMECA_4,0,0,0,0,0,0,0,0,0,0,0,0,0,0,0,0,0,0,0,0,0,0,0,0,0,0,0,0,0,0,0,0,0,0,0,0,0,0,0,0,0,0,0,0,0,0,0,0,0,0,0,0,0,0,0,0,0,0,0,0,1,3,3,3,3,3,1,1,1,1,1,1,3,3,3,3,3,3,3,3,2,3,3,3,3,3,1,1,2,2,2,2,2,3,3,3,3,3,3,3,0,0,0,0,0,0,0,0,0,0,0,0,0,0,0,0,0,0,0,0,0,0,0,0,0,0,0,0,0,0,0,0,0,0,0,0,0,0,0,0,1,1,1,1,1,1,1,1,1,1,1,1,1,1,1,1,1,1,1,1,2,2,2,2,3,3,3,3,2,2,2,2,3,2,3,3,3,3,3,3,1,1,1,1,1,1,1,1,1,1,1,1,1,1,1,1,1,1,1,1,1,1,1,1,1,1,1,1,1,1,1,1,1,1,1,1,1,1,1,1,2,2,2,2,2,2,2,2,2,2,2,2,2,2,2,2,2,2,2,2,1,2,2,2,2,2,2,2,1,1,1,1,2,2,2,2,2,2,2,2,0,0,0,0,0,0,0,0,0,0,0,0,0,0,0,0,0,0,0,0,0,0,0,0,0,0,0,0,0,0,0,0,0,0,0,0,0,0,0,0,0,0,0,0,0,0,0,0,0,0,0,0,0,0,0,0,0,0,0,0
EMBA_EMECA_5,0,0,0,0,0,0,0,0,0,0,0,0,0,0,0,0,0,0,0,0,0,0,0,0,0,0,0,0,0,0,0,0,0,0,0,0,0,0,0,0,0,0,0,0,0,0,0,0,0,0,0,0,0,0,0,0,0,0,0,0,0,0,0,0,0,0,0,0,0,0,0,0,0,0,0,0,0,0,0,0,0,0,0,0,0,0,0,0,0,0,0,0,0,0,0,0,0,0,0,0,0,0,0,0,0,0,0,0,0,0,0,0,0,0,0,0,0,0,0,0,0,0,0,0,0,0,0,0,0,0,0,0,0,0,0,0,0,0,0,0,0,0,0,0,0,0,0,0,0,0,0,0,0,0,0,0,0,0,0,0,0,0,0,0,0,0,0,0,0,0,0,0,0,0,0,0,0,0,0,0,0,0,0,0,0,0,0,0,0,0,0,0,0,0,0,0,0,0,0,0,0,0,0,0,0,0,0,0,0,0,0,0,0,0,0,0,0,0,0,0,0,0,0,0,0,0,0,0,0,0,0,0,0,0,0,0,0,0,0,0,0,0,0,0,0,0,0,0,0,0,0,0,0,0,0,0,0,0,0,0,0,0,0,0,0,0,0,0,0,0,0,0,0,0,0,0,0,0,0,0,0,0,0,0,0,0,0,0,0,0,0,0,0,0,0,0,0,0,0,0,0,0,0,0,0,0,0,0,0,0,0,0,0,0,0,0,0,0,0,0
EMBA_EMECA_6,0,0,0,0,0,0,0,0,0,0,0,0,0,0,0,0,0,0,0,0,0,0,0,0,0,0,0,0,0,0,0,0,0,0,0,0,0,0,0,0,0,0,0,0,0,0,0,0,0,0,0,0,0,0,0,0,0,0,0,0,0,1,1,1,1,1,1,1,0,0,0,0,1,1,1,1,1,1,1,1,0,1,1,1,1,1,1,1,0,0,0,0,1,1,1,1,1,1,1,1,0,0,0,0,0,0,0,0,0,0,0,0,0,0,0,0,0,0,0,0,0,0,0,0,0,0,0,0,0,0,0,0,0,0,0,0,0,0,0,0,0,0,0,0,0,0,0,0,0,0,0,0,0,0,0,0,0,0,0,0,0,0,0,0,1,1,1,1,0,0,0,0,1,0,1,1,1,1,1,1,0,0,0,0,0,0,0,0,0,0,0,0,0,0,0,0,0,0,0,0,0,0,0,0,0,0,0,0,0,0,0,0,0,0,0,0,0,0,0,0,0,0,0,0,0,0,0,0,0,0,0,0,0,0,0,0,0,0,0,0,0,1,1,1,1,1,1,1,0,0,0,0,1,1,1,1,1,1,1,1,0,0,0,0,0,0,0,0,0,0,0,0,0,0,0,0,0,0,0,0,0,0,0,0,0,0,0,0,0,0,0,0,0,0,0,0,0,0,0,0,0,0,0,0,0,0,0,0,0,0,0,0,0,0,0,0,0,0,0,0
EMBA_EMECA_7,0,0,0,0,0,0,0,0,0,0,0,0,0,0,0,0,0,0,0,0,0,0,0,0,0,0,0,0,0,0,0,0,0,0,0,0,0,0,0,0,0,0,0,0,0,0,0,0,0,0,0,0,0,0,0,0,0,0,0,0,1,2,2,2,2,2,2,2,1,1,1,1,2,2,2,2,2,2,2,2,1,2,2,2,2,2,2,2,1,1,1,1,0,2,2,2,2,2,2,2,0,0,0,0,0,0,0,0,0,0,0,0,0,0,0,0,0,0,0,0,0,0,0,0,0,0,0,0,0,0,0,0,0,0,0,0,0,0,0,0,0,0,0,0,0,0,0,0,0,0,0,0,0,0,0,0,0,0,0,0,1,1,1,1,2,2,2,2,1,1,1,1,2,1,2,2,2,2,2,2,0,0,0,0,0,0,0,0,0,0,0,0,0,0,0,0,0,0,0,0,0,0,0,0,0,0,0,0,0,0,0,0,0,0,0,0,0,0,0,0,1,1,1,1,1,1,1,1,1,1,1,1,1,1,1,1,1,1,1,1,1,2,2,2,2,2,2,2,1,1,1,1,2,2,2,2,2,2,2,2,0,0,0,0,0,0,0,0,0,0,0,0,0,0,0,0,0,0,0,0,0,0,0,0,0,0,0,0,0,0,0,0,0,0,0,0,0,0,0,0,0,0,0,0,0,0,0,0,0,0,0,0,0,0,0,0,0,0,0,0
EMBA_EMECA_8,0,0,0,0,0,0,0,0,0,0,0,0,0,0,0,0,0,0,0,0,0,0,0,0,0,0,0,0,0,0,0,0,0,0,0,0,0,0,0,0,0,0,0,0,0,0,0,0,0,0,0,0,0,0,0,0,0,0,0,0,1,3,3,3,3,3,1,1,1,1,1,1,3,3,3,3,3,3,3,3,2,3,3,3,3,3,1,1,2,2,2,2,2,3,3,3,3,3,3,3,0,0,0,0,0,0,0,0,0,0,0,0,0,0,0,0,0,0,0,0,0,0,0,0,0,0,0,0,0,0,0,0,0,0,0,0,0,0,0,0,1,1,1,1,1,1,1,1,1,1,1,1,1,1,1,1,1,1,1,1,2,2,2,2,3,3,3,3,2,2,2,2,3,2,3,3,3,3,3,3,1,1,1,1,1,1,1,1,1,1,1,1,1,1,1,1,1,1,1,1,1,1,1,1,1,1,1,1,1,1,1,1,1,1,1,1,1,1,1,1,2,2,2,2,2,2,2,2,2,2,2,2,2,2,2,2,2,2,2,2,1,2,2,2,2,2,2,2,1,1,1,1,2,2,2,2,2,2,2,2,0,0,0,0,0,0,0,0,0,0,0,0,0,0,0,0,0,0,0,0,0,0,0,0,0,0,0,0,0,0,0,0,0,0,0,0,0,0,0,0,0,0,0,0,0,0,0,0,0,0,0,0,0,0,0,0,0,0,0,0
EMBA_EMECA_9,0,0,0,0,0,0,0,0,0,0,0,0,0,0,0,0,0,0,0,0,0,0,0,0,0,0,0,0,0,0,0,0,0,0,0,0,0,0,0,0,0,0,0,0,0,0,0,0,0,0,0,0,0,0,0,0,0,0,0,0,0,0,0,0,0,0,0,0,0,0,0,0,0,0,0,0,0,0,0,0,0,0,0,0,0,0,0,0,0,0,0,0,0,0,0,0,0,0,0,0,0,0,0,0,0,0,0,0,0,0,0,0,0,0,0,0,0,0,0,0,0,0,0,0,0,0,0,0,0,0,0,0,0,0,0,0,0,0,0,0,0,0,0,0,0,0,0,0,0,0,0,0,0,0,0,0,0,0,0,0,0,0,0,0,0,0,0,0,0,0,0,0,0,0,0,0,0,0,0,0,0,0,0,0,0,0,0,0,0,0,0,0,0,0,0,0,0,0,0,0,0,0,0,0,0,0,0,0,0,0,0,0,0,0,0,0,0,0,0,0,0,0,0,0,0,0,0,0,0,0,0,0,0,0,0,0,0,0,0,0,0,0,0,0,0,0,0,0,0,0,0,0,0,0,0,0,0,0,0,0,0,0,0,0,0,0,0,0,0,0,0,0,0,0,0,0,0,0,0,0,0,0,0,0,0,0,0,0,0,0,0,0,0,0,0,0,0,0,0,0,0,0,0,0,0,0,0,0,0,0,0,0,0,0,0,0,0,0,0,0
EMBA_EMECA_10,0,0,0,0,0,0,0,0,0,0,0,0,0,0,0,0,0,0,0,0,0,0,0,0,0,0,0,0,0,0,0,0,0,0,0,0,0,0,0,0,0,0,0,0,0,0,0,0,0,0,0,0,0,0,0,0,0,0,0,0,0,1,1,1,1,1,1,1,0,0,0,0,1,1,1,1,1,1,1,1,0,1,1,1,1,1,1,1,0,0,0,0,1,1,1,1,1,1,1,1,0,0,0,0,0,0,0,0,0,0,0,0,0,0,0,0,0,0,0,0,0,0,0,0,0,0,0,0,0,0,0,0,0,0,0,0,0,0,0,0,0,0,0,0,0,0,0,0,0,0,0,0,0,0,0,0,0,0,0,0,0,0,0,0,1,1,1,1,0,0,0,0,1,0,1,1,1,1,1,1,0,0,0,0,0,0,0,0,0,0,0,0,0,0,0,0,0,0,0,0,0,0,0,0,0,0,0,0,0,0,0,0,0,0,0,0,0,0,0,0,0,0,0,0,0,0,0,0,0,0,0,0,0,0,0,0,0,0,0,0,0,1,1,1,1,1,1,1,0,0,0,0,1,1,1,1,1,1,1,1,0,0,0,0,0,0,0,0,0,0,0,0,0,0,0,0,0,0,0,0,0,0,0,0,0,0,0,0,0,0,0,0,0,0,0,0,0,0,0,0,0,0,0,0,0,0,0,0,0,0,0,0,0,0,0,0,0,0,0,0
EMBA_EMECA_11,0,0,0,0,0,0,0,0,0,0,0,0,0,0,0,0,0,0,0,0,0,0,0,0,0,0,0,0,0,0,0,0,0,0,0,0,0,0,0,0,0,0,0,0,0,0,0,0,0,0,0,0,0,0,0,0,0,0,0,0,1,2,2,2,2,2,2,2,1,1,1,1,2,2,2,2,2,2,2,2,1,2,2,2,2,2,2,2,1,1,1,1,0,2,2,2,2,2,2,2,0,0,0,0,0,0,0,0,0,0,0,0,0,0,0,0,0,0,0,0,0,0,0,0,0,0,0,0,0,0,0,0,0,0,0,0,0,0,0,0,0,0,0,0,0,0,0,0,0,0,0,0,0,0,0,0,0,0,0,0,1,1,1,1,2,2,2,2,1,1,1,1,2,1,2,2,2,2,2,2,0,0,0,0,0,0,0,0,0,0,0,0,0,0,0,0,0,0,0,0,0,0,0,0,0,0,0,0,0,0,0,0,0,0,0,0,0,0,0,0,1,1,1,1,1,1,1,1,1,1,1,1,1,1,1,1,1,1,1,1,1,2,2,2,2,2,2,2,1,1,1,1,2,2,2,2,2,2,2,2,0,0,0,0,0,0,0,0,0,0,0,0,0,0,0,0,0,0,0,0,0,0,0,0,0,0,0,0,0,0,0,0,0,0,0,0,0,0,0,0,0,0,0,0,0,0,0,0,0,0,0,0,0,0,0,0,0,0,0,0
EMBA_EMECA_12,0,0,0,0,0,0,0,0,0,0,0,0,0,0,0,0,0,0,0,0,0,0,0,0,0,0,0,0,0,0,0,0,0,0,0,0,0,0,0,0,0,0,0,0,0,0,0,0,0,0,0,0,0,0,0,0,0,0,0,0,1,3,3,3,3,3,1,1,1,1,1,1,3,3,3,3,3,3,3,3,2,3,3,3,3,3,1,1,2,2,2,2,2,3,3,3,3,3,3,3,0,0,0,0,0,0,0,0,0,0,0,0,0,0,0,0,0,0,0,0,0,0,0,0,0,0,0,0,0,0,0,0,0,0,0,0,0,0,0,0,1,1,1,1,1,1,1,1,1,1,1,1,1,1,1,1,1,1,1,1,2,2,2,2,3,3,3,3,2,2,2,2,3,2,3,3,3,3,3,3,1,1,1,1,1,1,1,1,1,1,1,1,1,1,1,1,1,1,1,1,1,1,1,1,1,1,1,1,1,1,1,1,1,1,1,1,1,1,1,1,2,2,2,2,2,2,2,2,2,2,2,2,2,2,2,2,2,2,2,2,1,2,2,2,2,2,2,2,1,1,1,1,2,2,2,2,2,2,2,2,0,0,0,0,0,0,0,0,0,0,0,0,0,0,0,0,0,0,0,0,0,0,0,0,0,0,0,0,0,0,0,0,0,0,0,1,1,0,0,0,0,0,0,0,0,0,0,0,0,0,0,0,0,0,0,0,0,0,0,0
EMBA_EMECA_13,0,0,0,0,0,0,0,0,0,0,0,0,0,0,0,0,0,0,0,0,0,0,0,0,0,0,0,0,0,0,0,0,0,0,0,0,0,0,0,0,0,0,0,0,0,0,0,0,0,0,0,0,0,0,0,0,0,0,0,0,0,0,0,0,0,0,0,0,0,0,0,0,0,0,0,0,0,0,0,0,0,0,0,0,0,0,0,0,0,0,0,0,0,0,0,0,0,0,0,0,0,0,0,0,0,0,0,0,0,0,0,0,0,0,0,0,0,0,0,0,0,0,0,0,0,0,0,0,0,0,0,0,0,0,0,0,0,0,0,0,0,0,0,0,0,0,0,0,0,0,0,0,0,0,0,0,0,0,0,0,0,0,0,0,0,0,0,0,0,0,0,0,0,0,0,0,0,0,0,0,0,0,0,0,0,0,0,0,0,0,0,0,0,0,0,0,0,0,0,0,0,0,0,0,0,0,0,0,0,0,0,0,0,0,0,0,0,0,0,0,0,0,0,0,0,0,0,0,0,0,0,0,0,0,0,0,0,0,0,0,0,0,0,0,0,0,0,0,0,0,0,0,0,0,0,0,0,0,0,0,0,0,0,0,0,0,0,0,0,0,0,0,0,0,0,0,0,0,0,0,0,0,0,0,0,0,0,0,0,0,0,0,0,0,0,0,0,0,0,0,0,0,0,0,0,0,0,0,0,0,0,0,0,0,0,0,0,0,0,0
EMBA_EMECA_14,0,0,0,0,0,0,0,0,0,0,0,0,0,0,0,0,0,0,0,0,0,0,0,0,0,0,0,0,0,0,0,0,0,0,0,0,0,0,0,0,0,0,0,0,0,0,0,0,0,0,0,0,0,0,0,0,0,0,0,0,0,1,1,1,1,1,1,1,0,0,0,0,1,1,1,1,1,1,1,1,0,1,1,1,1,1,1,1,0,0,0,0,1,1,1,1,1,1,1,1,0,0,0,0,0,0,0,0,0,0,0,0,0,0,0,0,0,0,0,0,0,0,0,0,0,0,0,0,0,0,0,0,0,0,0,0,0,0,0,0,0,0,0,0,0,0,0,0,0,0,0,0,0,0,0,0,0,0,0,0,0,0,0,0,1,1,1,1,0,0,0,0,1,0,1,1,1,1,1,1,0,0,0,0,0,0,0,0,0,0,0,0,0,0,0,0,0,0,0,0,0,0,0,0,0,0,0,0,0,0,0,0,0,0,0,0,0,0,0,0,0,0,0,0,0,0,0,0,0,0,0,0,0,0,0,0,0,0,0,0,0,1,1,1,1,1,1,1,0,0,0,0,1,1,1,1,1,1,1,1,0,0,0,0,0,0,0,0,0,0,0,0,0,0,0,0,0,0,0,0,0,0,0,0,0,0,0,0,0,0,0,0,0,0,0,0,0,0,0,0,0,0,0,0,0,0,0,0,0,0,0,0,0,0,0,0,0,0,0,0
EMBA_EMECA_15,0,0,0,0,0,0,0,0,0,0,0,0,0,0,0,0,0,0,0,0,0,0,0,0,0,0,0,0,0,0,0,0,0,0,0,0,0,0,0,0,0,0,0,0,0,0,0,0,0,0,0,0,0,0,0,0,0,0,0,0,1,2,2,2,2,2,2,2,1,1,1,1,2,2,2,2,2,2,2,2,1,2,2,2,2,2,2,2,1,1,1,1,0,2,2,2,2,2,2,2,0,0,0,0,0,0,0,0,0,0,0,0,0,0,0,0,0,0,0,0,0,0,0,0,0,0,0,0,0,0,0,0,0,0,0,0,0,0,0,0,0,0,0,0,0,0,0,0,0,0,0,0,0,0,0,0,0,0,0,0,1,1,1,1,2,2,2,2,1,1,1,1,2,1,2,2,2,2,2,2,0,0,0,0,0,0,0,0,0,0,0,0,0,0,0,0,0,0,0,0,0,0,0,0,0,0,0,0,0,0,0,0,0,0,0,0,0,0,0,0,1,1,1,1,1,1,1,1,1,1,1,1,1,1,1,1,1,1,1,1,1,2,2,2,2,2,2,2,1,1,1,1,2,2,2,2,2,2,2,2,0,0,0,0,0,0,0,0,0,0,0,0,0,0,0,0,0,0,0,0,0,0,0,0,0,0,0,0,0,0,0,0,0,0,0,0,0,0,0,0,0,0,0,0,0,0,0,0,0,0,0,0,0,0,0,0,0,0,0,0
EMBA_EMECA_16,0,0,0,0,0,0,0,0,0,0,0,0,0,0,0,0,0,0,0,0,0,0,0,0,0,0,0,0,0,0,0,0,0,0,0,0,0,0,0,0,0,0,0,0,0,0,0,0,0,0,0,0,0,0,0,0,0,0,0,0,1,3,3,3,3,3,1,1,1,1,1,1,3,3,3,3,3,3,3,3,2,3,3,3,3,3,1,1,2,2,2,2,2,3,3,3,3,3,3,3,0,0,0,0,0,0,0,0,0,0,0,0,0,0,0,0,0,0,0,0,0,0,0,0,0,0,0,0,0,0,0,0,0,0,0,0,0,0,0,0,1,1,1,1,1,1,1,1,1,1,1,1,1,1,1,1,1,1,1,1,2,2,2,2,3,3,3,3,2,2,2,2,3,2,3,3,3,3,3,3,1,1,1,1,1,1,1,1,1,1,1,1,1,1,1,1,1,1,1,1,1,1,1,1,1,1,1,1,1,1,1,1,1,1,1,1,1,1,1,1,2,2,2,2,2,2,2,2,2,2,2,2,2,2,2,2,2,2,2,2,1,2,2,2,2,2,2,2,1,1,1,1,2,2,2,2,2,2,2,2,0,0,0,0,0,0,0,0,0,0,0,0,0,0,0,0,0,0,0,0,0,0,0,0,0,0,0,0,0,0,0,0,0,0,0,0,0,0,0,0,0,0,0,0,0,0,0,0,0,0,0,0,0,0,0,0,0,0,0,0
EMBA_1,1,1,1,1,1,1,1,1,1,1,1,1,1,1,1,1,1,1,1,1,1,1,1,1,1,1,1,1,1,1,1,1,1,1,1,1,1,1,1,1,1,1,1,1,1,1,1,1,1,1,1,1,1,1,1,1,1,1,1,1,2,4,4,4,4,4,3,3,2,2,2,2,4,4,4,4,4,4,4,4,3,4,4,4,4,4,3,3,3,3,3,3,3,4,4,4,4,4,4,4,1,1,1,1,1,1,1,1,1,1,1,1,1,1,1,1,1,1,1,1,1,1,1,1,1,1,1,1,1,0,0,1,1,1,1,1,1,0,0,1,2,2,0,0,0,0,0,0,2,2,2,2,2,2,2,2,2,2,2,2,3,3,3,3,4,4,4,4,3,3,3,3,4,3,4,4,4,4,4,4,0,0,0,0,2,2,2,2,2,2,2,2,2,2,2,2,2,2,2,2,2,2,2,2,2,2,2,2,2,2,2,2,2,2,2,2,2,2,2,2,3,3,3,3,3,3,3,3,3,3,3,3,3,3,3,3,3,3,3,3,2,3,3,3,3,3,3,3,2,2,2,2,3,3,3,3,3,3,3,3,1,1,1,1,1,1,1,1,1,1,1,1,1,1,1,1,1,1,1,1,1,1,1,1,1,1,1,1,1,1,1,1,1,1,1,2,2,1,1,1,1,1,1,1,1,1,1,1,1,1,1,1,1,1,1,1,1,1,1,1
EMBA_2,1,1,1,1,1,1,1,1,1,1,1,1,1,1,1,1,1,1,1,1,1,1,1,1,1,1,1,1,1,1,1,1,1,1,1,1,1,1,1,1,1,1,1,1,1,1,1,1,1,1,1,1,1,1,1,1,1,1,1,1,2,4,4,4,4,4,3,3,2,2,2,2,4,4,4,4,4,4,4,4,3,4,4,4,4,4,3,3,3,3,3,3,3,4,4,4,4,4,4,4,1,1,1,1,1,1,1,1,1,1,1,1,1,1,1,1,1,1,1,1,1,1,1,1,1,1,1,1,1,0,0,1,1,1,1,1,1,0,0,1,2,2,0,0,0,0,0,0,2,2,2,2,2,2,2,2,2,2,2,2,3,3,3,3,4,4,4,4,3,3,3,3,4,3,4,4,4,4,4,4,0,0,0,0,2,2,2,2,2,2,2,2,2,2,2,2,2,2,2,2,2,2,2,2,2,2,2,2,2,2,2,2,2,2,2,2,2,2,2,2,3,3,3,3,3,3,3,3,3,3,3,3,3,3,3,3,3,3,3,3,2,3,3,3,3,3,3,3,2,2,2,2,3,3,3,3,3,3,3,3,1,1,1,1,1,1,1,1,1,1,1,1,1,1,1,1,1,1,1,1,1,1,1,1,1,1,1,1,1,1,1,1,1,1,1,2,2,1,1,1,1,1,1,1,1,1,1,1,1,1,1,1,1,1,1,1,1,1,1,1
EMBA_3,1,1,1,1,1,1,1,1,1,1,1,1,1,1,1,1,1,1,1,1,1,1,1,1,1,1,1,1,1,1,1,1,1,1,1,1,1,1,1,1,1,1,1,1,1,1,1,1,1,1,1,1,1,1,1,1,1,1,1,1,2,4,4,4,4,4,3,3,2,2,2,2,4,4,4,4,4,4,4,4,3,4,4,4,4,4,3,3,3,3,3,3,3,4,4,4,4,4,4,4,1,1,1,1,1,1,1,1,1,1,1,1,1,1,1,1,1,1,1,1,1,1,1,1,1,1,1,1,1,0,0,1,1,1,1,1,1,0,0,1,2,2,0,0,0,0,0,0,2,2,2,2,2,2,2,2,2,2,2,2,3,3,3,3,4,4,4,4,3,3,3,3,4,3,4,4,4,4,4,4,0,0,0,0,2,2,2,2,2,2,2,2,2,2,2,2,2,2,2,2,2,2,2,2,2,2,2,2,2,2,2,2,2,2,2,2,2,2,2,2,3,3,3,3,3,3,3,3,3,3,3,3,3,3,3,3,3,3,3,3,2,3,3,3,3,3,3,3,2,2,2,2,3,3,3,3,3,3,3,3,1,1,1,1,1,1,1,1,1,1,1,1,1,1,1,1,1,1,1,1,1,1,1,1,1,1,1,1,1,1,1,1,1,1,1,2,2,1,1,1,1,1,1,1,1,1,1,1,1,1,1,1,1,1,1,1,1,1,1,1
EMBA_4,1,1,1,1,1,1,1,1,1,1,1,1,1,1,1,1,1,1,1,1,1,1,1,1,1,1,1,1,1,1,1,1,1,1,1,1,1,1,1,1,1,1,1,1,1,1,1,1,1,1,1,1,1,1,1,1,1,1,1,1,2,4,4,4,4,4,3,3,2,2,2,2,4,4,4,4,4,4,4,4,3,4,4,4,4,4,3,3,3,3,3,3,3,4,4,4,4,4,4,4,1,1,1,1,1,1,1,1,1,1,1,1,1,1,1,1,1,1,1,1,1,1,1,1,1,1,1,1,1,0,0,1,1,1,1,1,1,0,0,1,2,2,0,0,0,0,0,0,2,2,2,2,2,2,2,2,2,3,3,2,3,3,3,3,4,4,4,4,3,3,3,3,4,3,4,4,4,4,4,4,0,0,0,0,2,2,2,2,2,2,2,2,2,2,2,2,2,2,2,2,2,2,2,2,2,2,2,2,2,2,2,2,2,2,2,2,2,2,2,2,3,3,3,3,3,3,3,3,3,3,3,3,3,3,3,3,3,3,3,3,2,3,3,3,3,3,3,3,2,2,2,2,3,3,3,3,3,3,3,3,1,1,1,1,1,1,1,1,1,1,1,1,1,1,1,1,1,1,1,1,1,1,1,1,1,1,1,1,1,1,1,1,1,1,1,2,2,1,1,1,1,1,1,1,1,1,1,1,1,1,1,1,1,1,1,1,1,1,1,1
EMBA_5,1,1,1,1,1,1,1,1,1,1,1,1,1,1,1,1,1,1,1,1,1,1,1,1,1,1,1,1,1,1,1,1,1,1,1,1,1,1,1,1,1,1,1,1,1,1,1,1,1,1,1,1,1,1,1,1,1,1,1,1,2,4,4,4,4,4,3,3,2,2,2,2,4,4,4,4,4,4,4,4,3,4,4,4,4,4,3,3,3,3,3,3,3,4,4,4,4,4,4,4,1,1,1,1,1,1,1,1,1,1,1,1,1,1,1,1,1,1,1,1,1,1,1,1,1,1,1,1,1,0,0,1,1,1,1,1,1,0,0,1,2,2,0,0,0,0,0,0,2,2,2,2,2,2,2,2,2,2,2,2,3,3,3,3,4,4,4,4,3,3,3,3,4,3,4,4,4,4,4,4,0,0,0,0,2,2,2,2,2,2,2,2,2,2,2,2,2,2,2,2,2,2,2,2,2,2,2,2,2,2,2,2,2,2,2,2,2,2,2,2,3,3,3,3,3,3,3,3,3,3,3,3,3,3,3,3,3,3,3,3,2,3,3,3,3,3,3,3,2,2,2,2,3,3,3,3,3,3,3,3,1,1,1,1,1,1,1,1,1,1,1,1,1,1,1,1,1,1,1,1,1,1,1,1,1,1,1,1,1,1,1,1,1,1,1,2,2,1,1,1,1,1,1,1,1,1,1,1,1,1,1,1,1,1,1,1,1,1,1,1
EMBA_6,1,1,1,1,1,1,1,1,1,1,1,1,1,1,1,1,1,1,1,1,1,1,1,1,1,1,1,1,1,1,1,1,1,1,1,1,1,1,1,1,1,1,1,1,1,1,1,1,1,1,1,1,1,1,1,1,1,1,1,1,2,4,4,4,4,4,3,3,2,2,2,2,4,4,4,4,4,4,4,4,3,4,4,4,4,4,3,3,3,3,3,3,3,4,4,4,4,4,4,4,1,1,1,1,1,1,1,1,1,1,1,1,1,1,1,1,1,1,1,1,1,1,1,1,1,1,1,1,1,0,0,1,1,1,1,1,1,0,0,1,2,2,0,0,0,0,0,0,2,2,2,2,2,2,2,2,2,2,2,2,3,3,3,3,4,4,4,4,3,3,3,3,4,3,4,4,4,4,4,4,0,0,0,0,2,2,2,2,2,2,2,2,2,2,2,2,2,2,2,2,2,2,2,2,2,2,2,2,2,2,2,2,2,2,2,2,2,2,2,2,3,3,3,3,3,3,3,3,3,3,3,3,3,3,3,3,3,3,3,3,2,3,3,3,3,3,3,3,2,2,2,2,3,3,3,3,3,3,3,3,1,1,1,1,1,1,1,1,1,1,1,1,1,1,1,1,1,1,1,1,1,1,1,1,1,1,1,1,1,1,1,1,1,1,1,2,2,1,1,1,1,1,1,1,1,1,1,1,1,1,1,1,1,1,1,1,1,1,1,1
EMBA_7,1,1,1,1,1,1,1,1,1,1,1,1,1,1,1,1,1,1,1,1,1,1,1,1,1,1,1,1,1,1,1,1,1,1,1,1,1,1,1,1,1,1,1,1,1,1,1,1,1,1,1,1,1,1,1,1,1,1,1,1,2,4,4,4,4,4,3,3,2,2,2,2,4,4,4,4,4,4,4,4,3,4,4,4,4,4,3,3,3,3,3,3,3,4,4,4,4,4,4,4,1,1,1,1,1,1,1,1,1,1,1,1,1,1,1,1,1,1,1,1,1,1,1,1,1,1,1,1,1,0,0,1,1,1,1,1,1,0,0,1,2,2,0,0,0,0,0,0,2,2,2,2,2,2,2,2,2,2,2,2,3,3,3,3,4,4,4,4,3,3,3,3,4,3,4,4,4,4,4,4,0,0,0,0,2,2,2,2,2,2,2,2,2,2,2,2,2,2,2,2,2,2,2,2,2,2,2,2,2,2,2,2,2,2,2,2,2,2,2,2,3,3,3,3,3,3,3,3,3,3,3,3,3,3,3,3,3,3,3,3,2,3,3,3,3,3,3,3,2,2,2,2,3,3,3,3,3,3,3,3,1,1,1,1,1,1,1,1,1,1,1,1,1,1,1,1,1,1,1,1,1,1,1,1,1,1,1,1,1,1,1,1,1,1,1,2,2,1,1,1,1,1,1,1,1,1,1,1,1,1,1,1,1,1,1,1,1,1,1,1
EMBA_8,1,1,1,1,1,1,1,1,1,1,1,1,1,1,1,1,1,1,1,1,1,1,1,1,1,1,1,1,1,1,1,1,1,1,1,1,1,1,1,1,1,1,1,1,1,1,1,1,1,1,1,1,1,1,1,1,1,1,1,1,2,4,4,4,4,4,3,3,2,2,2,2,4,4,4,4,4,4,4,4,3,4,4,4,4,4,3,3,3,3,3,3,3,4,4,4,4,4,4,4,1,1,1,1,1,1,1,1,1,1,1,1,1,1,1,1,1,1,1,1,1,1,1,1,1,1,1,1,1,0,0,1,1,1,1,1,1,0,0,1,2,2,0,0,0,0,0,0,2,2,2,2,2,2,2,2,2,2,2,2,3,3,3,3,4,4,4,4,3,3,3,3,4,3,4,4,4,4,4,4,0,0,0,0,2,2,2,2,2,2,2,2,2,2,2,2,2,2,2,2,2,2,2,2,2,2,2,2,2,2,2,2,2,2,2,2,2,2,2,2,3,3,3,3,3,3,3,3,3,3,3,3,3,3,3,3,3,3,3,3,2,3,3,3,3,3,3,3,2,2,2,2,3,3,3,3,3,3,3,3,1,1,1,1,1,1,1,1,1,1,1,1,1,1,1,1,1,1,1,1,1,1,1,1,1,1,1,1,1,1,1,1,1,1,1,2,2,1,1,1,1,1,1,1,1,1,1,1,1,1,1,1,1,1,1,1,1,1,1,1
EMBA_9,1,1,1,1,1,1,1,1,1,1,1,1,1,1,1,1,1,1,1,1,1,1,1,1,1,1,1,1,1,1,1,1,1,1,1,1,1,1,1,1,1,1,1,1,1,1,1,1,1,1,1,1,1,1,1,1,1,1,1,1,2,4,4,4,4,4,3,3,2,2,2,2,4,4,4,4,4,4,4,4,3,4,4,4,4,4,3,3,3,3,3,3,3,4,4,4,4,4,4,4,1,1,1,1,1,1,1,1,1,1,1,1,1,1,1,1,1,1,1,1,1,1,1,1,1,1,1,1,1,0,0,1,1,1,1,1,1,0,0,1,2,2,0,0,0,0,0,0,2,2,2,2,2,2,2,2,2,2,2,2,3,3,3,3,4,4,4,4,3,3,3,3,4,3,4,4,4,4,4,4,0,0,0,0,2,2,2,2,2,2,2,2,2,2,2,2,2,2,2,2,2,2,2,2,2,2,2,2,2,2,2,2,2,2,2,2,2,2,2,2,3,3,3,3,3,3,3,3,3,3,3,3,3,3,3,3,3,3,3,3,2,3,3,3,3,3,3,3,2,2,2,2,3,3,3,3,3,3,3,3,1,1,1,1,1,1,1,1,1,1,1,1,1,1,1,1,1,2,2,1,1,1,1,1,1,1,1,1,1,1,1,1,1,1,1,2,2,1,1,1,1,1,1,1,1,1,1,1,1,1,1,1,1,1,1,1,1,1,1,1
EMBA_10,1,1,1,1,1,1,1,1,1,1,1,1,1,1,1,1,1,1,1,1,1,1,1,1,1,1,1,1,1,1,1,1,1,1,1,1,1,1,1,1,1,1,1,1,1,1,1,1,1,1,1,1,1,1,1,1,1,1,1,1,2,4,4,4,4,4,3,3,2,2,2,2,4,4,4,4,4,4,4,4,3,4,4,4,4,4,3,3,3,3,3,3,3,4,4,4,4,4,4,4,1,1,1,1,1,1,1,1,1,1,1,1,1,1,1,1,1,1,1,1,1,1,1,1,1,1,1,1,1,0,0,1,1,1,1,1,1,0,0,1,2,2,0,0,0,0,0,0,2,2,2,2,2,2,2,2,2,2,2,2,3,3,3,3,4,4,4,4,3,3,3,3,4,3,4,4,4,4,4,4,0,0,0,0,2,2,2,2,2,2,2,2,2,2,2,2,2,2,2,2,2,2,2,2,2,2,2,2,2,2,2,2,2,2,2,2,2,2,2,2,3,3,3,3,3,3,3,3,3,3,3,3,3,3,3,3,3,3,3,3,2,3,3,3,3,3,3,3,2,2,2,2,3,3,3,3,3,3,3,3,1,1,1,1,1,1,1,1,1,1,1,1,1,1,1,1,1,1,1,1,1,1,1,1,1,1,1,1,1,1,1,1,1,1,1,2,2,1,1,1,1,1,1,1,1,1,1,1,1,1,1,1,1,1,1,1,1,1,1,1
EMBA_11,1,1,1,1,1,1,1,1,1,1,1,1,1,1,1,1,1,1,1,1,1,1,1,1,1,1,1,1,1,1,1,1,1,1,1,1,1,1,1,1,1,1,1,1,1,1,1,1,1,1,1,1,1,1,1,1,1,1,1,1,2,4,4,4,4,4,3,3,2,2,2,2,4,4,4,4,4,4,4,4,3,4,4,4,4,4,3,3,3,3,3,3,3,4,4,4,4,4,4,4,1,1,1,1,1,1,1,1,1,1,1,1,1,1,1,1,1,1,1,1,1,1,1,1,1,1,1,1,1,0,0,1,1,1,1,1,1,0,0,1,2,2,0,0,0,0,0,0,2,2,2,2,2,2,2,2,2,2,2,2,3,3,3,3,4,4,4,4,3,3,3,3,4,3,4,4,4,4,4,4,0,0,0,0,2,2,2,2,2,2,2,2,2,2,2,2,2,2,2,2,2,2,2,2,2,2,2,2,2,2,2,2,2,2,2,2,2,2,2,2,3,3,3,3,3,3,3,3,3,3,3,3,3,3,3,3,3,3,3,3,2,3,3,3,3,3,3,3,2,2,2,2,3,3,3,3,3,3,3,3,1,1,1,1,1,1,1,1,1,1,1,1,1,1,1,1,1,1,1,1,1,1,1,1,1,1,1,1,1,1,1,1,1,1,1,2,2,1,1,1,1,1,1,1,1,1,1,1,1,1,1,1,1,1,1,1,1,1,1,1
EMBA_12,1,1,1,1,1,1,1,1,1,1,1,1,1,1,1,1,1,1,1,1,1,1,1,1,1,1,1,1,1,1,1,1,1,1,1,1,1,1,1,1,1,1,1,1,1,1,1,1,1,1,1,1,1,1,1,1,1,1,1,1,2,4,4,4,4,4,3,3,2,2,2,2,4,4,4,4,4,4,4,4,3,4,4,4,4,4,3,3,3,3,3,3,3,4,4,4,4,4,4,4,1,1,1,1,1,1,1,1,1,1,1,1,1,1,1,1,1,1,1,1,1,1,1,1,1,1,1,1,1,0,0,1,1,1,1,1,1,0,0,1,2,2,0,0,0,0,0,0,2,2,2,2,2,2,2,2,2,2,2,2,3,3,3,3,4,4,4,4,3,3,3,3,4,3,4,4,4,4,4,4,0,0,0,0,2,2,2,2,2,2,2,2,2,2,2,2,2,2,2,2,2,2,2,2,2,2,2,2,2,2,2,2,2,2,2,2,2,2,2,2,3,3,3,3,3,3,3,3,3,3,3,3,3,3,3,3,3,3,3,3,2,3,3,3,3,3,3,3,2,2,2,2,3,3,3,3,3,3,3,3,1,1,1,1,1,1,1,1,1,1,1,1,1,1,1,1,1,1,1,1,1,1,1,1,1,1,1,1,1,1,1,1,1,1,1,2,2,1,1,1,1,1,1,1,1,1,1,1,1,1,1,1,1,1,1,1,1,1,1,1
EMBA_13,1,1,1,1,1,1,1,1,1,1,1,1,1,1,1,1,1,1,1,1,1,1,1,1,1,1,1,1,1,1,1,1,1,1,1,1,1,1,1,1,1,1,1,1,1,1,1,1,1,1,1,1,1,1,1,1,1,1,1,1,2,4,4,4,4,4,3,3,2,2,2,2,4,4,4,4,4,4,4,4,3,4,4,4,4,4,3,3,3,3,3,3,3,4,4,4,4,4,4,4,1,1,1,1,1,1,1,1,1,1,1,1,1,1,1,1,1,1,1,1,1,1,1,1,1,1,1,1,1,0,0,1,1,1,1,1,1,0,0,1,2,2,0,0,0,0,0,0,2,2,2,2,2,2,2,2,2,2,2,2,3,3,3,3,4,4,4,4,3,3,3,3,4,3,4,4,4,4,4,4,0,0,0,0,2,2,2,2,2,2,2,2,2,2,2,2,2,2,2,2,2,2,2,2,2,2,2,2,2,2,2,2,2,2,2,2,2,2,2,2,3,3,3,3,3,3,3,3,3,3,3,3,3,3,3,3,3,3,3,3,2,3,3,3,3,3,3,3,2,2,2,2,3,3,3,3,3,3,3,3,1,1,1,1,1,1,1,1,1,1,1,1,1,1,1,1,1,1,1,1,1,1,1,1,1,1,1,1,1,1,1,1,1,1,1,2,2,1,1,1,1,1,1,1,1,1,1,1,1,1,1,1,1,1,1,1,1,1,1,1
EMBA_14,1,1,1,1,1,1,1,1,1,1,1,1,1,1,1,1,1,1,1,1,1,1,1,1,1,1,1,1,1,1,1,1,1,1,1,1,1,1,1,1,1,1,1,1,1,1,1,1,1,1,1,1,1,1,1,1,1,1,1,1,2,4,4,4,4,4,3,3,2,2,2,2,4,4,4,4,4,4,4,4,3,4,4,4,4,4,3,3,3,3,3,3,3,4,4,4,4,4,4,4,1,1,1,1,1,1,1,1,1,1,1,1,1,1,1,1,1,1,1,1,1,1,1,1,1,1,1,1,1,0,0,1,1,1,1,1,1,0,0,1,2,2,0,0,0,0,0,0,2,2,2,2,2,2,2,2,2,2,2,2,3,3,3,3,4,4,4,4,3,3,3,3,4,3,4,4,4,4,4,4,0,0,0,0,2,2,2,2,2,2,2,2,2,2,2,2,2,2,2,2,2,2,2,2,2,2,2,2,2,2,2,2,2,2,2,2,2,2,2,2,3,3,3,3,3,3,3,3,3,3,3,3,3,3,3,3,3,3,3,3,2,3,3,3,3,3,3,3,2,2,2,2,3,3,3,3,3,3,3,3,1,1,1,1,1,1,1,1,1,1,1,1,1,1,1,1,1,1,1,1,1,1,1,1,1,1,1,1,1,1,1,1,1,1,1,2,2,1,1,1,1,1,1,1,1,1,1,1,1,1,1,1,1,1,1,1,1,1,1,1
EMBA_15,1,1,1,1,1,1,1,1,1,1,1,1,1,1,1,1,1,1,1,1,1,1,1,1,1,1,1,1,1,1,1,1,1,1,1,1,1,1,1,1,1,1,1,1,1,1,1,1,1,1,1,1,1,1,1,1,1,1,1,1,2,4,4,4,4,4,3,3,2,2,2,2,4,4,4,4,4,4,4,4,3,4,4,4,4,4,3,3,3,3,3,3,3,4,4,4,4,4,4,4,1,1,1,1,1,1,1,1,1,1,1,1,1,1,1,1,1,1,1,1,1,1,1,1,1,1,1,1,1,0,0,1,1,1,1,1,1,0,0,1,2,2,0,0,0,0,0,0,2,2,2,2,2,2,2,2,2,2,2,2,3,3,3,3,4,4,4,4,3,3,3,3,4,3,4,4,4,4,4,4,0,0,0,0,2,2,2,2,2,2,2,2,2,2,2,2,2,2,2,2,2,2,2,2,2,2,2,2,2,2,2,2,2,2,2,2,2,2,2,2,3,3,3,3,3,3,3,3,3,3,3,3,3,3,3,3,3,3,3,3,2,3,3,3,3,3,3,3,2,2,2,2,3,3,3,3,3,3,3,3,1,1,1,1,1,1,1,1,1,1,1,1,1,1,1,1,1,1,1,1,1,1,1,1,1,1,1,1,1,1,1,1,1,1,1,2,2,1,1,1,1,1,1,1,1,1,1,1,1,1,1,1,1,1,1,1,1,1,1,1
EMBA_16,1,1,1,1,1,1,1,1,1,1,1,1,1,1,1,1,1,1,1,1,1,1,1,1,1,1,1,1,1,1,1,1,1,1,1,1,1,1,1,1,1,1,1,1,1,1,1,1,1,1,1,1,1,1,1,1,1,1,1,1,2,4,4,4,4,4,3,3,2,2,2,2,4,4,4,4,4,4,4,4,3,4,4,4,4,4,3,3,3,3,3,3,3,4,4,4,4,4,4,4,1,1,1,1,1,1,1,1,1,1,1,1,1,1,1,1,1,1,1,1,1,1,1,1,1,1,1,1,1,0,0,1,1,1,1,1,1,0,0,1,2,2,0,0,0,0,0,0,2,2,2,2,2,2,2,2,2,2,2,2,3,3,3,3,4,4,4,4,3,3,3,3,4,3,4,4,4,4,4,4,0,0,0,0,2,2,2,2,2,2,2,2,2,2,2,2,2,2,2,2,2,2,2,2,2,2,2,2,2,2,2,2,2,2,2,2,2,2,2,2,3,3,3,3,3,3,3,3,3,3,3,3,3,3,3,3,3,3,3,3,2,3,3,3,3,3,3,3,2,2,2,2,3,3,3,3,3,3,3,3,1,1,1,1,1,1,1,1,1,1,1,1,1,1,1,1,1,1,1,1,1,1,1,1,1,1,1,1,1,1,1,1,1,1,1,2,2,1,1,1,1,1,1,1,1,1,1,1,1,1,1,1,1,1,1,1,1,1,1,1
EMBC_EMECC_1,2,2,2,2,2,2,2,2,2,2,2,2,2,2,2,2,2,2,2,2,2,2,2,2,2,2,2,2,2,2,2,2,2,2,2,2,2,2,2,2,2,2,2,2,2,2,2,2,0,2,2,2,2,0,0,2,2,2,2,0,3,5,5,5,5,5,4,4,0,3,3,3,5,2,5,5,5,5,5,5,4,5,5,5,5,5,4,4,0,4,4,4,4,5,5,5,5,5,5,5,2,2,2,2,2,2,2,2,2,2,2,2,2,2,2,2,2,2,2,2,2,2,2,2,2,2,2,2,2,1,1,2,2,2,2,2,2,1,1,2,3,3,2,2,2,2,2,2,3,3,3,3,3,3,3,3,3,4,4,3,4,4,4,4,5,5,5,5,2,4,4,4,5,2,3,5,5,5,5,3,2,2,2,2,3,3,3,3,3,3,3,3,3,3,3,3,3,3,3,3,3,3,3,3,3,3,3,3,1,3,3,3,3,1,1,3,3,3,3,1,4,4,4,4,4,4,4,4,2,4,4,4,4,2,2,4,4,4,4,2,3,4,4,4,4,4,4,4,1,3,3,3,4,2,2,4,4,4,4,2,2,2,2,2,2,2,2,2,0,2,2,2,2,0,0,2,2,3,3,0,2,2,2,2,2,2,2,2,0,2,2,2,2,0,0,3,3,2,2,0,2,2,2,2,2,2,2,2,0,2,2,2,2,0,0,2,2,2,2,0
EMBC_EMECC_2,2,2,2,2,2,2,2,2,2,2,2,2,2,2,2,2,2,2,2,2,2,2,2,2,2,2,2,2,2,2,2,2,2,2,2,2,2,2,2,2,2,2,2,2,2,2,2,2,0,2,2,2,2,0,0,2,2,2,2,0,4,6,6,6,6,6,5,5,1,4,4,4,6,5,6,6,6,6,6,6,4,5,5,6,6,6,5,5,1,5,5,5,5,5,6,6,6,6,6,6,3,3,3,3,3,3,3,3,0,3,3,3,3,0,0,3,3,3,3,0,3,3,3,3,3,3,3,3,0,2,2,3,3,0,0,3,3,2,2,0,4,4,3,3,3,3,3,3,0,4,4,4,4,0,0,4,4,5,5,0,5,5,0,5,6,6,6,6,4,5,5,5,6,4,5,6,6,6,6,5,3,3,3,3,4,4,4,4,0,4,4,4,4,0,0,4,4,4,4,0,4,4,4,4,4,4,4,4,0,4,4,4,4,0,0,4,4,4,4,0,5,5,5,5,5,5,5,5,4,5,5,5,5,4,4,5,5,5,5,4,3,4,4,4,4,4,4,4,1,3,3,3,4,2,2,4,4,4,4,2,2,2,2,2,2,2,2,2,0,2,2,2,2,0,0,2,2,3,3,0,2,2,2,2,2,2,2,2,0,2,2,2,2,0,0,3,3,2,2,0,2,2,2,2,2,2,2,2,0,2,2,2,2,0,0,2,2,2,2,0
EMBC_EMECC_3,2,2,2,2,2,2,2,2,2,2,2,2,2,2,2,2,2,2,2,2,2,2,2,2,2,2,2,2,2,2,2,2,2,2,2,2,2,2,2,2,2,2,2,2,2,2,2,2,0,2,2,2,2,0,0,2,2,2,2,0,5,7,7,6,5,5,6,6,1,5,4,4,6,6,7,6,6,7,7,7,5,6,6,7,5,5,6,6,2,6,6,6,6,6,7,7,7,7,7,7,3,3,3,3,3,3,3,3,0,3,3,3,3,0,0,3,3,3,3,0,3,3,3,3,3,3,3,3,0,2,2,3,3,0,0,3,3,2,2,0,4,4,3,3,3,3,3,3,0,4,4,4,4,0,0,4,4,5,5,0,6,6,5,6,7,7,7,7,5,6,6,6,7,1,6,7,7,7,7,6,3,3,3,3,4,4,4,4,0,4,4,4,4,0,0,4,4,4,4,0,4,4,4,4,4,4,4,4,0,4,4,4,4,0,0,4,4,4,4,0,6,6,6,6,6,6,6,6,0,6,6,6,6,0,0,6,6,6,6,0,4,5,5,5,5,5,0,0,3,4,4,4,5,4,4,5,5,5,5,4,2,2,2,2,2,2,2,2,0,2,2,2,2,0,0,2,2,3,3,0,2,2,2,2,2,2,2,2,0,2,2,2,2,0,0,3,3,2,2,0,2,2,2,2,2,2,2,2,0,2,2,2,2,0,0,2,2,2,2,0
EMBC_EMECC_4,2,2,2,2,2,2,2,2,2,2,2,2,2,2,2,2,2,2,2,2,2,2,2,2,2,2,2,2,2,2,2,2,2,2,2,2,2,2,2,2,2,2,2,2,2,2,2,2,0,2,2,2,2,0,0,2,2,2,2,0,6,2,8,6,7,7,7,7,1,6,4,4,6,7,8,7,7,8,8,8,6,7,7,7,7,7,7,7,2,7,6,6,6,7,8,8,8,8,8,8,3,3,3,3,3,3,3,3,0,3,3,3,3,0,0,3,3,3,3,0,3,3,3,3,3,3,3,3,0,2,2,3,3,0,0,3,3,2,2,0,4,4,3,3,3,3,3,3,0,4,4,4,4,0,0,4,4,5,5,0,7,7,6,6,1,1,8,8,5,7,6,6,7,5,7,8,8,8,8,7,3,3,3,3,4,4,4,4,0,4,4,4,4,0,0,4,4,4,4,0,4,4,4,4,4,4,4,4,0,4,4,4,4,0,0,4,4,4,4,0,6,6,6,6,6,6,6,6,0,6,6,6,6,0,0,6,6,6,6,0,4,5,5,5,6,6,5,5,3,5,4,4,5,4,5,6,6,6,6,5,2,2,2,2,2,2,2,2,0,2,2,2,2,0,0,2,2,3,3,0,2,2,2,2,2,2,2,2,0,2,2,2,2,0,0,3,3,2,2,0,2,2,2,2,2,2,2,2,0,2,2,2,2,0,0,2,2,2,2,0
EMBC_EMECC_5,2,2,2,2,2,2,2,2,2,2,2,2,2,2,2,2,2,2,2,2,2,2,2,2,2,2,2,2,2,2,2,2,2,2,2,2,2,2,2,2,2,2,2,2,2,2,2,2,0,2,2,2,2,0,0,2,2,2,2,0,3,5,5,5,5,5,4,4,0,3,3,3,5,2,5,5,5,5,5,5,4,5,5,5,5,5,4,4,0,4,4,4,4,5,5,5,5,5,5,5,2,2,2,2,2,2,2,2,2,2,2,2,2,2,2,2,2,2,2,2,2,2,2,2,2,2,2,2,2,1,1,2,2,2,2,2,2,1,1,2,3,3,2,2,2,2,2,2,3,3,3,3,3,3,3,3,3,4,4,3,4,4,4,4,5,5,5,5,2,4,4,4,5,2,3,5,5,5,5,3,2,2,2,2,3,3,3,3,3,3,3,3,3,3,3,3,3,3,3,3,3,3,3,3,3,3,3,3,1,3,3,3,3,1,1,3,3,3,3,1,4,4,4,4,4,4,4,4,2,4,4,4,4,2,2,4,4,4,4,2,3,4,4,4,4,4,4,4,1,3,3,3,4,2,2,4,4,4,4,2,2,2,2,2,2,2,2,2,0,2,2,2,2,0,0,2,2,3,3,0,2,2,2,2,2,2,2,2,0,2,2,2,2,0,0,3,3,2,2,0,2,2,2,2,2,2,2,2,0,2,2,2,2,0,0,2,2,2,2,0
EMBC_EMECC_6,2,2,2,2,2,2,2,2,2,2,2,2,2,2,2,2,2,2,2,2,2,2,2,2,2,2,2,2,2,2,2,2,2,2,2,2,2,2,2,2,2,2,2,2,2,2,2,2,0,2,2,2,2,0,0,2,2,2,2,0,4,6,6,6,6,6,5,5,1,4,4,4,6,5,6,6,6,6,6,6,4,5,5,6,6,6,5,5,1,5,5,5,5,5,6,6,6,6,6,6,3,3,3,3,3,3,3,3,0,3,3,3,3,0,0,3,3,3,3,0,3,3,3,3,3,3,3,3,0,2,2,3,3,0,0,3,3,2,2,0,4,4,3,3,3,3,3,3,0,4,4,4,4,0,0,4,4,5,5,0,5,5,0,5,6,6,6,6,4,5,5,5,6,4,5,6,6,6,6,5,3,3,3,3,4,4,4,4,0,4,4,4,4,0,0,4,4,4,4,0,4,4,4,4,4,4,4,4,0,4,4,4,4,0,0,4,4,4,4,0,5,5,5,5,5,5,5,5,4,5,5,5,5,4,4,5,5,5,5,4,3,4,4,4,4,4,4,4,1,3,3,3,4,2,2,4,4,4,4,2,2,2,2,2,2,2,2,2,0,2,2,2,2,0,0,2,2,3,3,0,2,2,2,2,2,2,2,2,0,2,2,2,2,0,0,3,3,2,2,0,2,2,2,2,2,2,2,2,0,2,2,2,2,0,0,2,2,2,2,0
EMBC_EMECC_7,2,2,2,2,2,2,2,2,2,2,2,2,2,2,2,2,2,2,2,2,2,2,2,2,2,2,2,2,2,2,2,2,2,2,2,2,2,2,2,2,2,2,2,2,2,2,2,2,0,2,2,2,2,0,0,2,2,2,2,0,5,7,7,6,5,5,6,6,1,5,4,4,6,6,7,6,6,7,7,7,5,6,6,7,5,5,6,6,2,6,6,6,6,6,7,7,7,7,7,7,3,3,3,3,3,3,3,3,0,3,3,3,3,0,0,3,3,3,3,0,3,3,3,3,3,3,3,3,0,2,2,3,3,0,0,3,3,2,2,0,4,4,3,3,3,3,3,3,0,4,4,4,4,0,0,4,4,5,5,0,6,6,5,6,7,7,7,7,5,6,6,6,7,1,6,7,7,7,7,6,3,3,3,3,4,4,4,4,0,4,4,4,4,0,0,4,4,4,4,0,4,4,4,4,4,4,4,4,0,4,4,4,4,0,0,4,4,4,4,0,6,6,6,6,6,6,6,6,0,6,6,6,6,0,0,6,6,6,6,0,4,5,5,5,5,5,0,0,3,4,4,4,5,4,4,5,5,5,5,4,2,2,2,2,2,2,2,2,0,2,2,2,2,0,0,2,2,3,3,0,2,2,2,2,2,2,2,2,0,2,2,2,2,0,0,3,3,2,2,0,2,2,2,2,2,2,2,2,0,2,2,2,2,0,0,2,2,2,2,0
EMBC_EMECC_8,2,2,2,2,2,2,2,2,2,2,2,2,2,2,2,2,2,2,2,2,2,2,2,2,2,2,2,2,2,2,2,2,2,2,2,2,2,2,2,2,2,2,2,2,2,2,2,2,0,2,2,2,2,0,0,2,2,2,2,0,6,2,8,6,7,7,7,7,1,6,4,4,6,7,8,7,7,8,8,8,6,7,7,7,7,7,7,7,2,7,6,6,6,7,8,8,8,8,8,8,3,3,3,3,3,3,3,3,0,3,3,3,3,0,0,3,3,4,4,0,3,3,3,3,3,3,3,3,0,2,2,3,3,0,0,3,3,2,2,0,4,4,3,3,3,3,3,3,0,4,4,4,4,0,0,4,4,5,5,0,7,7,6,6,1,1,8,8,5,7,6,6,7,5,7,8,8,8,8,7,3,3,3,3,4,4,4,4,0,4,4,4,4,0,0,4,4,4,4,0,4,4,4,4,4,4,4,4,0,4,4,4,4,0,0,4,4,4,4,0,6,6,6,6,6,6,6,6,0,6,6,6,6,0,0,6,6,6,6,0,4,5,5,5,6,6,5,5,3,5,4,4,5,4,5,6,6,6,6,5,2,2,2,2,2,2,2,2,0,2,2,2,2,0,0,2,2,3,3,0,2,2,2,2,2,2,2,2,0,2,2,2,2,0,0,3,3,2,2,0,2,2,2,2,2,2,2,2,0,2,2,2,2,0,0,2,2,2,2,0
EMBC_EMECC_9,2,2,2,2,2,2,2,2,2,2,2,2,2,2,2,2,2,2,2,2,2,2,2,2,2,2,2,2,2,2,2,2,2,2,2,2,2,2,2,2,2,2,2,2,2,2,2,2,0,2,2,2,2,0,0,2,2,2,2,0,3,5,5,5,5,5,4,4,0,3,3,3,5,2,5,5,5,5,5,5,4,5,5,5,5,5,4,4,0,4,4,4,4,5,5,5,5,5,5,5,2,2,2,2,2,2,2,2,2,2,2,2,2,2,2,2,2,2,2,2,2,2,2,2,2,2,2,2,2,1,1,2,2,2,2,2,2,1,1,2,3,3,2,2,2,2,2,2,3,3,3,3,3,3,3,3,3,4,4,3,4,4,4,4,5,5,5,5,2,4,4,4,5,2,3,5,5,5,5,3,2,2,2,2,3,3,3,3,3,3,3,3,3,3,3,3,3,3,3,3,3,3,3,3,3,3,3,3,1,3,3,3,3,1,1,3,3,3,3,1,4,4,4,4,4,4,4,4,2,4,4,4,4,2,2,4,4,4,4,2,3,4,4,4,4,4,4,4,1,3,3,3,4,2,2,4,4,4,4,2,2,2,2,2,2,2,2,2,0,2,2,2,2,0,0,2,2,3,3,0,2,2,2,2,2,2,2,2,0,2,2,2,2,0,0,3,3,2,2,0,2,2,2,2,2,2,2,2,0,2,2,2,2,0,0,2,2,2,2,0
EMBC_EMECC_10,2,2,2,2,2,2,2,2,2,2,2,2,2,2,2,2,2,2,2,2,2,2,2,2,2,2,2,2,2,2,2,2,2,2,2,2,2,2,2,2,2,2,2,2,2,2,2,2,0,2,2,2,2,0,0,2,2,2,2,0,4,6,6,6,6,6,5,5,1,4,4,4,6,5,6,6,6,6,6,6,4,5,5,6,6,6,5,5,1,5,5,5,5,5,6,6,6,6,6,6,3,3,3,3,3,3,3,3,0,3,3,3,3,0,0,3,3,3,3,0,3,3,3,3,3,3,3,3,0,2,2,3,3,0,0,3,3,2,2,0,4,4,3,3,3,3,3,3,0,4,4,4,4,0,0,4,4,5,5,0,5,5,0,5,6,6,6,6,4,5,5,5,6,4,5,6,6,6,6,5,3,3,3,3,4,4,4,4,0,4,4,4,4,0,0,4,4,4,4,0,4,4,4,4,4,4,4,4,0,4,4,4,4,0,0,4,4,4,4,0,5,5,5,5,5,5,5,5,4,5,5,5,5,4,4,5,5,5,5,4,3,4,4,4,4,4,4,4,1,3,3,3,4,2,2,4,4,4,4,2,2,2,2,2,2,2,2,2,0,2,2,2,2,0,0,2,2,3,3,0,2,2,2,2,2,2,2,2,0,2,2,2,2,0,0,3,3,2,2,0,2,2,2,2,2,2,2,2,0,2,2,2,2,0,0,2,2,2,2,0
EMBC_EMECC_11,2,2,2,2,2,2,2,2,2,2,2,2,2,2,2,2,2,2,2,2,2,2,2,2,2,2,2,2,2,2,2,2,2,2,2,2,2,2,2,2,2,2,2,2,2,2,2,2,0,2,2,2,2,0,0,2,2,2,2,0,5,7,7,6,5,5,6,6,1,5,4,4,6,6,7,6,6,7,7,7,5,6,6,7,5,5,6,6,2,6,6,6,6,6,7,7,7,7,7,7,3,3,3,3,3,3,3,3,0,3,3,3,3,0,0,3,3,3,3,0,3,3,3,3,3,3,3,3,0,2,2,3,3,0,0,3,3,2,2,0,4,4,3,3,3,3,3,3,0,4,4,4,4,0,0,4,4,5,5,0,6,6,5,6,7,7,7,7,5,6,6,6,7,1,6,7,7,7,7,6,3,3,3,3,4,4,4,4,0,4,4,4,4,0,0,4,4,4,4,0,4,4,4,4,4,4,4,4,0,4,4,4,4,0,0,4,4,4,4,0,6,6,6,6,6,6,6,6,0,6,6,6,6,0,0,6,6,6,6,0,4,5,5,5,5,5,0,0,3,4,4,4,5,4,4,5,5,5,5,4,2,2,2,2,2,2,2,2,0,2,2,2,2,0,0,2,2,3,3,0,2,2,2,2,2,2,2,2,0,2,2,2,2,0,0,3,3,2,2,0,2,2,2,2,2,2,2,2,0,2,2,2,2,0,0,2,2,2,2,0
EMBC_EMECC_12,2,2,2,2,2,2,2,2,2,2,2,2,2,2,2,2,2,2,2,2,2,2,2,2,2,2,2,2,2,2,2,2,2,2,2,2,2,2,2,2,2,2,2,2,2,2,2,2,0,2,2,2,2,0,0,2,2,2,2,0,6,2,8,6,7,7,7,7,1,6,4,4,6,7,8,7,7,8,8,8,6,7,7,7,7,7,7,7,2,7,6,6,6,7,8,8,8,8,8,8,3,3,3,3,3,3,3,3,0,3,3,3,3,0,0,3,3,3,3,0,3,3,3,3,3,3,3,3,0,2,2,3,3,0,0,3,3,2,2,0,4,4,3,3,3,3,3,3,0,4,4,4,4,0,0,4,4,5,5,0,7,7,6,6,1,1,8,8,5,7,6,6,7,5,7,8,8,8,8,7,3,3,3,3,4,4,4,4,0,4,4,4,4,0,0,4,4,4,4,0,4,4,4,4,4,4,4,4,0,4,4,4,4,0,0,4,4,4,4,0,6,6,6,6,6,6,6,6,0,6,6,6,6,0,0,6,6,6,6,0,4,5,5,5,6,6,5,5,3,5,4,4,5,4,5,6,6,6,6,5,2,2,2,2,2,2,2,2,0,2,2,2,2,0,0,2,2,3,3,0,2,2,2,2,2,2,2,2,0,2,2,2,2,0,0,3,3,2,2,0,2,2,2,2,2,2,2,2,0,2,2,2,2,0,0,2,2,2,2,0
EMBC_EMECC_13,2,2,2,2,2,2,2,2,2,2,2,2,2,2,2,2,2,2,2,2,2,2,2,2,2,2,2,2,2,2,2,2,2,2,2,2,2,2,2,2,2,2,2,2,2,2,2,2,0,2,2,2,2,0,0,2,2,2,2,0,3,5,5,5,5,5,4,4,0,3,3,3,5,2,5,5,5,5,5,5,4,5,5,5,5,5,4,4,0,4,4,4,4,5,5,5,5,5,5,5,2,2,2,2,2,2,2,2,2,2,2,2,2,2,2,2,2,2,2,2,2,2,2,2,2,2,2,2,2,1,1,2,2,2,2,2,2,1,1,2,3,3,2,2,2,2,2,2,3,3,3,3,3,3,3,3,3,4,4,3,4,4,4,4,5,5,5,5,2,4,4,4,5,2,3,5,5,5,5,3,2,2,2,2,3,3,3,3,3,3,3,3,3,3,3,3,3,3,3,3,3,3,3,3,3,3,3,3,1,3,3,3,3,1,1,3,3,3,3,1,4,4,4,4,4,4,4,4,2,4,4,4,4,2,2,4,4,4,4,2,3,4,4,4,4,4,4,4,1,3,3,3,4,2,2,4,4,4,4,2,2,2,2,2,2,2,2,2,0,2,2,2,2,0,0,2,2,3,3,0,2,2,2,2,2,2,2,2,0,2,2,2,2,0,0,3,3,2,2,0,2,2,2,2,2,2,2,2,0,2,2,2,2,0,0,2,2,2,2,0
EMBC_EMECC_14,2,2,2,2,2,2,2,2,2,2,2,2,2,2,2,2,2,2,2,2,2,2,2,2,2,2,2,2,2,2,2,2,2,2,2,2,2,2,2,2,2,2,2,2,2,2,2,2,0,2,2,2,2,0,0,2,2,2,2,0,4,6,6,6,6,6,5,5,1,4,4,4,6,5,6,6,6,6,6,6,4,5,5,6,6,6,5,5,1,5,5,5,5,5,6,6,6,6,6,6,3,3,3,3,3,3,3,3,0,3,3,3,3,0,0,3,3,3,3,0,3,3,3,3,3,3,3,3,0,2,2,3,3,0,0,3,3,2,2,0,4,4,3,3,3,3,3,3,0,4,4,4,4,0,0,4,4,5,5,0,5,5,0,5,6,6,6,6,4,5,5,5,6,4,5,6,6,6,6,5,3,3,3,3,4,4,4,4,0,4,4,4,4,0,0,4,4,4,4,0,4,4,4,4,4,4,4,4,0,4,4,4,4,0,0,4,4,4,4,0,5,5,5,5,5,5,5,5,4,5,5,5,5,4,4,5,5,5,5,4,3,4,4,4,4,4,4,4,1,3,3,3,4,2,2,4,4,4,4,2,2,2,2,2,2,2,2,2,0,2,2,2,2,0,0,2,2,3,3,0,2,2,2,2,2,2,2,2,0,2,2,2,2,0,0,3,3,2,2,0,2,2,2,2,2,2,2,2,0,2,2,2,2,0,0,2,2,2,2,0
EMBC_EMECC_15,2,2,2,2,2,2,2,2,2,2,2,2,2,2,2,2,2,2,2,2,2,2,2,2,2,2,2,2,2,2,2,2,2,2,2,2,2,2,2,2,2,2,2,2,2,2,2,2,0,2,2,2,2,0,0,2,2,2,2,0,5,7,7,6,5,5,6,6,1,5,4,4,6,6,7,6,6,7,7,7,5,6,6,7,5,5,6,6,2,6,6,6,6,6,7,7,7,7,7,7,3,3,3,3,3,3,3,3,0,3,3,3,3,0,0,3,3,3,3,0,3,3,3,3,3,3,3,3,0,2,2,3,3,0,0,3,3,2,2,0,4,4,3,3,3,3,3,3,0,4,4,4,4,0,0,4,4,5,5,0,6,6,5,6,7,7,7,7,5,6,6,6,7,1,6,7,7,7,7,6,3,3,3,3,4,4,4,4,0,4,4,4,4,0,0,4,4,4,4,0,4,4,4,4,4,4,4,4,0,4,4,4,4,0,0,4,4,4,4,0,6,6,6,6,6,6,6,6,0,6,6,6,6,0,0,6,6,6,6,0,4,5,5,5,5,5,0,0,3,4,4,4,5,4,4,5,5,5,5,4,2,2,2,2,2,2,2,2,0,2,2,2,2,0,0,2,2,3,3,0,2,2,2,2,2,2,2,2,0,2,2,2,2,0,0,3,3,2,2,0,2,2,2,2,2,2,2,2,0,2,2,2,2,0,0,2,2,2,2,0
EMBC_EMECC_16,2,2,2,2,2,2,2,2,2,2,2,2,2,2,2,2,2,2,2,2,2,2,2,2,2,2,2,2,2,2,2,2,2,2,2,2,2,2,2,2,2,2,2,2,2,2,2,2,0,2,2,2,2,0,0,2,2,2,2,0,6,2,8,6,7,7,7,7,1,6,4,4,6,7,8,7,7,8,8,8,6,7,7,7,7,7,7,7,2,7,6,6,6,7,8,8,8,8,8,8,3,3,3,3,3,3,3,3,0,3,3,3,3,0,0,3,3,3,3,0,3,3,3,3,3,3,3,3,0,2,2,3,3,0,0,3,3,2,2,0,4,4,3,3,3,3,3,3,0,4,4,4,4,0,0,4,4,5,5,0,7,7,6,6,1,1,8,8,5,7,6,6,7,5,7,8,8,8,8,7,3,3,3,3,4,4,4,4,0,4,4,4,4,0,0,4,4,4,4,0,4,4,4,4,4,4,4,4,0,4,4,4,4,0,0,4,4,4,4,0,6,6,6,6,6,6,6,6,0,6,6,6,6,0,0,6,6,6,6,0,4,5,5,5,6,6,5,5,3,5,4,4,5,4,5,6,6,6,6,5,2,2,2,2,2,2,2,2,0,2,2,2,2,0,0,2,2,3,3,0,2,2,2,2,2,2,2,2,0,2,2,2,2,0,0,3,3,2,2,0,2,2,2,2,2,2,2,2,0,2,2,2,2,0,0,2,2,2,2,0
EMBC_1,3,3,3,3,3,3,3,3,1,3,3,3,3,1,1,3,3,3,3,1,3,3,3,3,3,3,3,3,1,3,3,3,3,1,1,3,3,3,3,1,3,3,3,3,3,3,3,3,1,3,3,3,3,1,1,3,3,3,3,1,7,8,9,7,8,8,8,8,2,7,5,5,7,4,4,8,8,9,9,4,7,8,8,8,8,8,8,8,3,8,7,7,7,4,4,9,9,9,9,4,4,4,4,4,4,4,4,4,1,4,4,4,4,1,1,4,4,5,5,1,4,4,4,4,4,4,4,4,1,3,3,3,3,1,1,3,3,3,3,1,4,4,4,4,3,3,3,3,2,5,5,5,5,2,2,5,5,6,6,2,8,8,7,7,8,8,9,9,3,8,7,7,8,3,4,9,9,9,9,4,3,3,3,3,5,5,5,5,2,5,5,5,5,2,2,5,5,5,5,2,5,5,5,5,5,5,5,5,2,5,5,5,5,2,2,5,5,5,5,2,7,7,7,7,7,7,7,7,3,7,7,7,7,3,3,7,7,7,7,3,5,6,6,6,7,7,6,6,2,6,5,5,6,3,3,7,7,7,7,3,3,3,3,3,3,3,3,3,1,3,3,3,3,1,1,3,3,4,4,1,3,3,3,3,3,3,3,3,1,3,3,3,3,1,1,4,4,3,3,1,3,3,3,3,3,3,3,3,1,3,3,3,3,1,1,3,3,3,3,1
EMBC_2,3,3,3,3,3,3,3,3,1,3,3,3,3,1,1,3,3,3,3,1,3,3,3,3,3,3,3,3,1,3,3,3,3,1,1,3,3,3,3,1,3,3,3,3,3,3,3,3,1,3,3,3,3,1,1,3,3,3,3,1,7,8,9,7,8,8,8,8,2,7,5,5,7,4,4,8,8,9,9,4,7,8,8,8,8,8,8,8,3,8,7,7,7,4,4,9,9,9,9,4,4,4,4,4,4,4,4,4,1,4,4,4,4,1,1,4,4,5,5,1,4,4,4,4,4,4,4,4,1,3,3,3,3,1,1,3,3,3,3,1,4,4,4,4,3,3,3,3,2,5,5,5,5,2,2,5,5,6,6,2,8,8,7,7,8,8,9,9,3,8,7,7,8,3,4,9,9,9,9,4,3,3,3,3,5,5,5,5,2,5,5,5,5,2,2,5,5,5,5,2,5,5,5,5,5,5,5,5,2,5,5,5,5,2,2,5,5,5,5,2,7,7,7,7,7,7,7,7,3,7,7,7,7,3,3,7,7,7,7,3,5,6,6,6,7,7,6,6,2,6,5,5,6,3,3,7,7,7,7,3,3,3,3,3,3,3,3,3,1,3,3,3,3,1,1,3,3,4,4,1,3,3,3,3,3,3,3,3,1,3,3,3,3,1,1,4,4,3,3,1,3,3,3,3,3,3,3,3,1,3,3,3,3,1,1,3,3,3,3,1
EMBC_3,3,3,3,3,3,3,3,3,1,3,3,3,3,1,1,3,3,3,3,1,3,3,3,3,3,3,3,3,1,3,3,3,3,1,1,3,3,3,3,1,3,3,3,3,3,3,3,3,1,3,3,3,3,1,1,3,3,3,3,1,7,8,9,7,8,8,8,8,2,7,5,5,7,4,4,8,8,9,9,4,7,8,8,8,8,8,8,8,3,8,7,7,7,4,4,9,9,9,9,4,4,4,4,4,4,4,4,4,1,4,4,4,4,1,1,4,4,5,5,1,4,4,4,4,4,4,4,4,1,3,3,3,3,1,1,3,3,3,3,1,4,4,4,4,3,3,3,3,2,5,5,5,5,2,2,5,5,6,6,2,8,8,7,7,8,8,9,9,3,8,7,7,8,3,4,9,9,9,9,4,3,3,3,3,5,5,5,5,2,5,5,5,5,2,2,5,5,5,5,2,5,5,5,5,5,5,5,5,2,5,5,5,5,2,2,5,5,5,5,2,7,7,7,7,7,7,7,7,3,7,7,7,7,3,3,7,7,7,7,3,5,6,6,6,7,7,6,6,2,6,5,5,6,3,3,7,7,7,7,3,3,3,3,3,3,3,3,3,1,3,3,3,3,1,1,3,3,4,4,1,3,3,3,3,3,3,3,3,1,3,3,3,3,1,1,4,4,3,3,1,3,3,3,3,3,3,3,3,1,3,3,3,3,1,1,3,3,3,3,1
EMBC_4,3,3,3,3,3,3,3,3,1,3,3,3,3,1,1,3,3,3,3,1,3,3,3,3,3,3,3,3,1,3,3,3,3,1,1,3,3,3,3,1,3,3,3,3,3,3,3,3,1,3,3,3,3,1,1,3,3,3,3,1,7,8,9,7,8,8,8,8,2,7,5,5,7,4,4,8,8,9,9,4,7,8,8,8,8,8,8,8,3,8,7,7,7,4,4,9,9,9,9,4,4,4,4,4,4,4,4,4,1,4,4,4,4,1,1,4,4,5,5,1,4,4,4,4,4,4,4,4,1,3,3,3,3,1,1,3,3,3,3,1,4,4,4,4,3,3,3,3,2,5,5,5,5,2,2,5,5,6,6,2,8,8,7,7,8,8,9,9,3,8,7,7,8,3,4,9,9,9,9,4,3,3,3,3,5,5,5,5,2,5,5,5,5,2,2,5,5,5,5,2,5,5,5,5,5,5,5,5,2,5,5,5,5,2,2,5,5,5,5,2,7,7,7,7,7,7,7,7,3,7,7,7,7,3,3,7,7,7,7,3,5,6,6,6,7,7,6,6,2,6,5,5,6,3,3,7,7,7,7,3,3,3,3,3,3,3,3,3,1,3,3,3,3,1,1,3,3,4,4,1,3,3,3,3,3,3,3,3,1,3,3,3,3,1,1,4,4,3,3,1,3,3,3,3,3,3,3,3,1,3,3,3,3,1,1,3,3,3,3,1
EMBC_5,3,3,3,3,3,3,3,3,1,3,3,3,3,1,1,3,3,3,3,1,3,3,3,3,3,3,3,3,1,3,3,3,3,1,1,3,3,3,3,1,3,3,3,3,3,3,3,3,1,3,3,3,3,1,1,3,3,3,3,1,7,8,9,7,8,8,8,8,2,7,5,5,7,4,4,8,8,9,9,4,7,8,8,8,8,8,8,8,3,8,7,7,7,4,4,9,9,9,9,4,4,4,4,4,4,4,4,4,1,4,4,4,4,1,1,4,4,5,5,1,4,4,4,4,4,4,4,4,1,3,3,3,3,1,1,3,3,3,3,1,4,4,4,4,3,3,3,3,2,5,5,5,5,2,2,5,5,6,6,2,8,8,7,7,8,8,9,9,3,8,7,7,8,3,4,9,9,9,9,4,3,3,3,3,5,5,5,5,2,5,5,5,5,2,2,5,5,5,5,2,5,5,5,5,5,5,5,5,2,5,5,5,5,2,2,5,5,5,5,2,7,7,7,7,7,7,7,7,3,7,7,7,7,3,3,7,7,7,7,3,5,6,6,6,7,7,6,6,2,6,5,5,6,3,3,7,7,7,7,3,3,3,3,3,3,3,3,3,1,3,3,3,3,1,1,3,3,4,4,1,3,3,3,3,3,3,3,3,1,3,3,3,3,1,1,4,4,3,3,1,3,3,3,3,3,3,3,3,1,3,3,3,3,1,1,3,3,3,3,1
EMBC_6,3,3,3,3,3,3,3,3,1,3,3,3,3,1,1,3,3,3,3,1,3,3,3,3,3,3,3,3,1,3,3,3,3,1,1,3,3,3,3,1,3,3,3,3,3,3,3,3,1,3,3,3,3,1,1,3,3,3,3,1,7,8,9,7,8,8,8,8,2,7,5,5,7,4,4,8,8,9,9,4,7,8,8,8,8,8,8,8,3,8,7,7,7,4,4,9,9,9,9,4,4,4,4,4,4,4,4,4,1,4,4,4,4,1,1,4,4,5,5,1,4,4,4,4,4,4,4,4,1,3,3,3,3,1,1,3,3,3,3,1,4,4,4,4,3,3,3,3,2,5,5,5,5,2,2,5,5,6,6,2,8,8,7,7,8,8,9,9,3,8,7,7,8,3,4,9,9,9,9,4,3,3,3,3,5,5,5,5,2,5,5,5,5,2,2,5,5,5,5,2,5,5,5,5,5,5,5,5,2,5,5,5,5,2,2,5,5,5,5,2,7,7,7,7,7,7,7,7,3,7,7,7,7,3,3,7,7,7,7,3,5,6,6,6,7,7,6,6,2,6,5,5,6,3,3,7,7,7,7,3,3,3,3,3,3,3,3,3,1,3,3,3,3,1,1,3,3,4,4,1,3,3,3,3,3,3,3,3,1,3,3,3,3,1,1,4,4,3,3,1,3,3,3,3,3,3,3,3,1,3,3,3,3,1,1,3,3,3,3,1
EMBC_7,3,3,3,3,3,3,3,3,1,3,3,3,3,1,1,3,3,3,3,1,3,3,3,3,3,3,3,3,1,3,3,3,3,1,1,3,3,3,3,1,3,3,3,3,3,3,3,3,1,3,3,3,3,1,1,3,3,3,3,1,7,8,9,7,8,8,8,8,2,7,5,5,7,4,4,8,8,9,9,4,7,8,8,8,8,8,8,8,3,8,7,7,7,4,4,9,9,9,9,4,4,4,4,4,4,4,4,4,1,4,4,4,4,1,1,4,4,5,5,1,4,4,4,4,4,4,4,4,1,3,3,3,3,1,1,3,3,3,3,1,4,4,4,4,3,3,3,3,2,5,5,5,5,2,2,5,5,6,6,2,8,8,7,7,8,8,9,9,3,8,7,7,8,3,4,9,9,9,9,4,3,3,3,3,5,5,5,5,2,5,5,5,5,2,2,5,5,5,5,2,5,5,5,5,5,5,5,5,2,5,5,5,5,2,2,5,5,5,5,2,7,7,7,7,7,7,7,7,3,7,7,7,7,3,3,7,7,7,7,3,5,6,6,6,7,7,6,6,2,6,5,5,6,3,3,7,7,7,7,3,3,3,3,3,3,3,3,3,1,3,3,3,3,1,1,3,3,4,4,1,3,3,3,3,3,3,3,3,1,3,3,3,3,1,1,4,4,3,3,1,3,3,3,3,3,3,3,3,1,3,3,3,3,1,1,3,3,3,3,1
EMBC_8,3,3,3,3,3,3,3,3,1,3,3,3,3,1,1,3,3,3,3,1,3,3,3,3,3,3,3,3,1,3,3,3,3,1,1,3,3,3,3,1,3,3,3,3,3,3,3,3,1,3,3,3,3,1,1,3,3,3,3,1,7,8,9,7,8,8,8,8,2,7,5,5,7,4,4,8,8,9,9,4,7,8,8,8,8,8,8,8,3,8,7,7,7,4,4,9,9,9,9,4,4,4,4,4,4,4,4,4,1,4,4,4,4,1,1,4,4,5,5,1,4,4,4,4,4,4,4,4,1,3,3,3,3,1,1,3,3,3,3,1,4,4,4,4,3,3,3,3,2,5,5,5,5,2,2,5,5,6,6,2,8,8,7,7,8,8,9,9,3,8,7,7,8,3,4,9,9,9,9,4,3,3,3,3,5,5,5,5,2,5,5,5,5,2,2,5,5,5,5,2,5,5,5,5,5,5,5,5,2,5,5,5,5,2,2,5,5,5,5,2,7,7,7,7,7,7,7,7,3,7,7,7,7,3,3,7,7,7,7,3,5,6,6,6,7,7,6,6,2,6,5,5,6,3,3,7,7,7,7,3,3,3,3,3,3,3,3,3,1,3,3,3,3,1,1,3,3,4,4,1,3,3,3,3,3,3,3,3,1,3,3,3,3,1,1,4,4,3,3,1,3,3,3,3,3,3,3,3,1,3,3,3,3,1,1,3,3,3,3,1
EMBC_9,3,3,3,3,3,3,3,3,1,3,3,3,3,1,1,3,3,3,3,1,3,3,3,3,3,3,3,3,1,3,3,3,3,1,1,3,3,3,3,1,3,3,3,3,3,3,3,3,1,3,3,3,3,1,1,3,3,3,3,1,7,8,9,7,8,8,8,8,2,7,5,5,7,4,4,8,8,9,9,4,7,8,8,8,8,8,8,8,3,8,7,7,7,4,4,9,9,9,9,4,4,4,4,4,4,4,4,4,1,4,4,4,4,1,1,4,4,5,5,1,4,4,4,4,4,4,4,4,1,3,3,3,3,1,1,3,3,3,3,1,4,4,4,4,3,3,3,3,2,5,5,5,5,2,2,5,5,6,6,2,8,8,7,7,8,8,9,9,3,8,7,7,8,3,4,9,9,9,9,4,3,3,3,3,5,5,5,5,2,5,5,5,5,2,2,5,5,5,5,2,5,5,5,5,5,5,5,5,2,5,5,5,5,2,2,5,5,5,5,2,7,7,7,7,7,7,7,7,3,7,7,7,7,3,3,7,7,7,7,3,5,6,6,6,7,7,6,6,2,6,5,5,6,3,3,7,7,7,7,3,3,3,3,3,3,3,3,3,1,3,3,3,3,1,1,3,3,4,4,1,3,3,3,3,3,3,3,3,1,3,3,3,3,1,1,4,4,3,3,1,3,3,3,3,3,3,3,3,1,3,3,3,3,1,1,3,3,3,3,1
EMBC_10,3,3,3,3,3,3,3,3,1,3,3,3,3,1,1,3,3,3,3,1,3,3,3,3,3,3,3,3,1,3,3,3,3,1,1,3,3,3,3,1,3,3,3,3,3,3,3,3,1,3,3,3,3,1,1,3,3,3,3,1,7,8,9,7,8,8,8,8,2,7,5,5,7,4,4,8,8,9,9,4,7,8,8,8,8,8,8,8,3,8,7,7,7,4,4,9,9,9,9,4,4,4,4,4,4,4,4,4,1,4,4,4,4,1,1,4,4,5,5,1,4,4,4,4,4,4,4,4,1,3,3,3,3,1,1,3,3,3,3,1,4,4,4,4,3,3,3,3,2,5,5,5,5,2,2,5,5,6,6,2,8,8,7,7,8,8,9,9,3,8,7,7,8,3,4,9,9,9,9,4,3,3,3,3,5,5,5,5,2,5,5,5,5,2,2,5,5,5,5,2,5,5,5,5,5,5,5,5,2,5,5,5,5,2,2,5,5,5,5,2,7,7,7,7,7,7,7,7,3,7,7,7,7,3,3,7,7,7,7,3,5,6,6,6,7,7,6,6,2,6,5,5,6,3,3,7,7,7,7,3,3,3,3,3,3,3,3,3,1,3,3,3,3,1,1,3,3,4,4,1,3,3,3,3,3,3,3,3,1,3,3,3,3,1,1,4,4,3,3,1,3,3,3,3,3,3,3,3,1,3,3,3,3,1,1,3,3,3,3,1
EMBC_11,3,3,3,3,3,3,3,3,1,3,3,3,3,1,1,3,3,3,3,1,3,3,3,3,3,3,3,3,1,3,3,3,3,1,1,3,3,3,3,1,3,3,3,3,3,3,3,3,1,3,3,3,3,1,1,3,3,3,3,1,7,8,9,7,8,8,8,8,2,7,5,5,7,4,4,8,8,9,9,4,7,8,8,8,8,8,8,8,3,8,7,7,7,4,4,9,9,9,9,4,4,4,4,4,4,4,4,4,1,4,4,4,4,1,1,4,4,5,5,1,4,4,4,4,4,4,4,4,1,3,3,3,3,1,1,3,3,3,3,1,4,4,4,4,3,3,3,3,2,5,5,5,5,2,2,5,5,6,6,2,8,8,7,7,8,8,9,9,3,8,7,7,8,3,4,9,9,9,9,4,3,3,3,3,5,5,5,5,2,5,5,5,5,2,2,5,5,5,5,2,5,5,5,5,5,5,5,5,2,5,5,5,5,2,2,5,5,5,5,2,7,7,7,7,7,7,7,7,3,7,7,7,7,3,3,7,7,7,7,3,5,6,6,6,7,7,6,6,2,6,5,5,6,3,3,7,7,7,7,3,3,3,3,3,3,3,3,3,1,3,3,3,3,1,1,3,3,4,4,1,3,3,3,3,3,3,3,3,1,3,3,3,3,1,1,4,4,3,3,1,3,3,3,3,3,3,3,3,1,3,3,3,3,1,1,3,3,3,3,1
EMBC_12,3,3,3,3,3,3,3,3,1,3,3,3,3,1,1,3,3,3,3,1,3,3,3,3,3,3,3,3,1,3,3,3,3,1,1,3,3,3,3,1,3,3,3,3,3,3,3,3,1,3,3,3,3,1,1,3,3,3,3,1,7,8,9,7,8,8,8,8,2,7,5,5,7,4,4,8,8,9,9,4,7,8,8,8,8,8,8,8,3,8,7,7,7,4,4,9,9,9,9,4,4,4,4,4,4,4,4,4,1,4,4,4,4,1,1,4,4,5,5,1,4,4,4,4,4,4,4,4,1,3,3,3,3,1,1,3,3,3,3,1,4,4,4,4,3,3,3,3,2,5,5,5,5,2,2,5,5,6,6,2,8,8,7,7,8,8,9,9,3,8,7,7,8,3,4,9,9,9,9,4,3,3,3,3,5,5,5,5,2,5,5,5,5,2,2,5,5,5,5,2,5,5,5,5,5,5,5,5,2,5,5,5,5,2,2,5,5,5,5,2,7,7,7,7,7,7,7,7,3,7,7,7,7,3,3,7,7,7,7,3,5,6,6,6,7,7,6,6,2,6,5,5,6,3,3,7,7,7,7,3,3,3,3,3,3,3,3,3,1,3,3,3,3,1,1,3,3,4,4,1,3,3,3,3,3,3,3,3,1,3,3,3,3,1,1,4,4,3,3,1,3,3,3,3,3,3,3,3,1,3,3,3,3,1,1,3,3,3,3,1
EMBC_13,3,3,3,3,3,3,3,3,1,3,3,3,3,1,1,3,3,3,3,1,3,3,3,3,3,3,3,3,1,3,3,3,3,1,1,3,3,3,3,1,3,3,3,3,3,3,3,3,1,3,3,3,3,1,1,3,3,3,3,1,7,8,9,7,8,8,8,8,2,7,5,5,7,4,4,8,8,9,9,4,7,8,8,8,8,8,8,8,3,8,7,7,7,4,4,9,9,9,9,4,4,4,4,4,4,4,4,4,1,4,4,4,4,1,1,4,4,5,5,1,4,4,4,4,4,4,4,4,1,3,3,3,3,1,1,3,3,3,3,1,4,4,4,4,3,3,3,3,2,5,5,5,5,2,2,5,5,6,6,2,8,8,7,7,8,8,9,9,3,8,7,7,8,3,4,9,9,9,9,4,3,3,3,3,5,5,5,5,2,5,5,5,5,2,2,5,5,5,5,2,5,5,5,5,5,5,5,5,2,5,5,5,5,2,2,5,5,5,5,2,7,7,7,7,7,7,7,7,3,7,7,7,7,3,3,7,7,7,7,3,5,6,6,6,7,7,6,6,2,6,5,5,6,3,3,7,7,7,7,3,3,3,3,3,3,3,3,3,1,3,3,3,3,1,1,3,3,4,4,1,3,3,3,3,3,3,3,3,1,3,3,3,3,1,1,4,4,3,3,1,3,3,3,3,3,3,3,3,1,3,3,3,3,1,1,3,3,3,3,1
EMBC_14,3,3,3,3,3,3,3,3,1,3,3,3,3,1,1,3,3,3,3,1,3,3,3,3,3,3,3,3,1,3,3,3,3,1,1,3,3,3,3,1,3,3,3,3,3,3,3,3,1,3,3,3,3,1,1,3,3,3,3,1,7,8,9,7,8,8,8,8,2,7,5,5,7,4,4,8,8,9,9,4,7,8,8,8,8,8,8,8,3,8,7,7,7,4,4,9,9,9,9,4,4,4,4,4,4,4,4,4,1,4,4,4,4,1,1,4,4,5,5,1,4,4,4,4,4,4,4,4,1,3,3,3,3,1,1,3,3,3,3,1,4,4,4,4,3,3,3,3,2,5,5,5,5,2,2,5,5,6,6,2,8,8,7,7,8,8,9,9,3,8,7,7,8,3,4,9,9,9,9,4,3,3,3,3,5,5,5,5,2,5,5,5,5,2,2,5,5,5,5,2,5,5,5,5,5,5,5,5,2,5,5,5,5,2,2,5,5,5,5,2,7,7,7,7,7,7,7,7,3,7,7,7,7,3,3,7,7,7,7,3,5,6,6,6,7,7,6,6,2,6,5,5,6,3,3,7,7,7,7,3,3,3,3,3,3,3,3,3,1,3,3,3,3,1,1,3,3,4,4,1,3,3,3,3,3,3,3,3,1,3,3,3,3,1,1,4,4,3,3,1,3,3,3,3,3,3,3,3,1,3,3,3,3,1,1,3,3,3,3,1
EMBC_15,3,3,3,3,3,3,3,3,1,3,3,3,3,1,1,3,3,3,3,1,3,3,3,3,3,3,3,3,1,3,3,3,3,1,1,3,3,3,3,1,3,3,3,3,3,3,3,3,1,3,3,3,3,1,1,3,3,3,3,1,7,8,9,7,8,8,8,8,2,7,5,5,7,4,4,8,8,9,9,4,7,8,8,8,8,8,8,8,3,8,7,7,7,4,4,9,9,9,9,4,4,4,4,4,4,4,4,4,1,4,4,4,4,1,1,4,4,5,5,1,4,4,4,4,4,4,4,4,1,3,3,3,3,1,1,3,3,3,3,1,4,4,4,4,3,3,3,3,2,5,5,5,5,2,2,5,5,6,6,2,8,8,7,7,8,8,9,9,3,8,7,7,8,3,4,9,9,9,9,4,3,3,3,3,5,5,5,5,2,5,5,5,5,2,2,5,5,5,5,2,5,5,5,5,5,5,5,5,2,5,5,5,5,2,2,5,5,5,5,2,7,7,7,7,7,7,7,7,3,7,7,7,7,3,3,7,7,7,7,3,5,6,6,6,7,7,6,6,2,6,5,5,6,3,3,7,7,7,7,3,3,3,3,3,3,3,3,3,1,3,3,3,3,1,1,3,3,4,4,1,3,3,3,3,3,3,3,3,1,3,3,3,3,1,1,4,4,3,3,1,3,3,3,3,3,3,3,3,1,3,3,3,3,1,1,3,3,3,3,1
EMBC_16,3,3,3,3,3,3,3,3,1,3,3,3,3,1,1,3,3,3,3,1,3,3,3,3,3,3,3,3,1,3,3,3,3,1,1,3,3,3,3,1,3,3,3,3,3,3,3,3,1,3,3,3,3,1,1,3,3,3,3,1,7,8,9,7,8,8,8,8,2,7,5,5,7,4,4,8,8,9,9,4,7,8,8,8,8,8,8,8,3,8,7,7,7,4,4,9,9,9,9,4,4,4,4,4,4,4,4,4,1,4,4,4,4,1,1,4,4,5,5,1,4,4,4,4,4,4,4,4,1,3,3,3,3,1,1,3,3,3,3,1,4,4,4,4,3,3,3,3,2,5,5,5,5,2,2,5,5,6,6,2,8,8,7,7,8,8,9,9,3,8,7,7,8,3,4,9,9,9,9,4,3,3,3,3,5,5,5,5,2,5,5,5,5,2,2,5,5,5,5,2,5,5,5,5,5,5,5,5,2,5,5,5,5,2,2,5,5,5,5,2,7,7,7,7,7,7,7,7,3,7,7,7,7,3,3,7,7,7,7,3,5,6,6,6,7,7,6,6,2,6,5,5,6,3,3,7,7,7,7,3,3,3,3,3,3,3,3,3,1,3,3,3,3,1,1,3,3,4,4,1,3,3,3,3,3,3,3,3,1,3,3,3,3,1,1,4,4,3,3,1,3,3,3,3,3,3,3,3,1,3,3,3,3,1,1,3,3,3,3,1
EMECA_HECA_1,4,4,4,4,4,4,4,4,3,4,4,4,4,3,3,4,0,0,0,0,4,4,4,4,4,4,4,4,3,4,4,4,4,3,3,4,0,0,0,0,4,4,4,4,4,4,4,4,2,4,4,4,4,2,2,4,0,0,0,0,0,0,0,0,0,0,0,0,0,0,0,0,0,0,0,0,0,0,0,0,0,0,0,0,0,0,0,0,0,0,0,0,0,0,0,0,0,0,0,0,5,5,5,5,5,5,5,5,3,5,5,5,5,3,3,5,0,0,0,0,5,5,5,5,5,5,5,5,3,4,4,4,4,3,3,4,0,0,0,0,0,0,0,0,0,0,0,0,0,0,0,0,0,0,0,0,0,0,0,0,0,0,0,0,0,0,0,0,0,0,0,0,0,0,0,0,0,0,0,0,4,4,4,4,6,6,6,6,4,6,6,6,6,4,4,6,0,0,0,0,6,6,6,6,6,6,6,6,3,6,5,6,6,3,3,6,6,6,6,3,0,0,0,0,0,0,0,0,0,0,0,0,0,0,0,0,0,0,0,0,0,0,0,0,0,0,0,0,0,0,0,0,0,0,0,0,0,0,0,0,4,4,4,4,4,4,4,4,2,4,4,4,4,2,2,4,4,5,5,2,4,4,4,4,4,4,4,4,2,4,4,4,4,2,2,5,5,4,4,2,4,4,4,4,4,4,4,4,2,4,4,4,4,2,2,4,4,4,4,2
EMECA_HECA_2,5,5,5,5,5,5,5,5,3,5,5,5,4,4,4,5,0,0,0,0,5,5,5,5,5,5,5,5,4,5,5,5,5,4,4,5,0,0,0,0,4,5,5,5,4,5,5,5,3,5,5,5,5,3,3,5,0,0,0,0,0,0,0,0,0,0,0,0,0,0,0,0,0,0,0,0,0,0,0,0,0,0,0,0,0,0,0,0,0,0,0,0,0,0,0,0,0,0,0,0,6,6,6,6,6,6,6,6,4,6,6,6,6,4,4,6,0,0,0,0,6,6,6,6,6,3,6,6,4,5,5,5,5,4,4,5,0,0,0,0,0,0,0,0,0,0,0,0,0,0,0,0,0,0,0,0,0,0,0,0,0,0,0,0,0,0,0,0,0,0,0,0,0,0,0,0,0,0,0,0,5,5,4,4,7,7,6,6,5,7,7,6,7,5,5,6,0,0,0,0,7,7,7,7,7,7,7,7,4,7,6,7,7,4,4,7,7,7,7,4,0,0,0,0,0,0,0,0,0,0,0,0,0,0,0,0,0,0,0,0,0,0,0,0,0,0,0,0,0,0,0,0,0,0,0,0,0,0,0,0,5,5,5,5,5,5,5,5,3,5,5,5,5,3,3,5,5,6,6,3,5,5,5,5,4,4,5,5,3,5,5,5,5,3,3,6,6,5,5,3,5,5,5,5,5,5,5,5,3,5,5,5,5,3,3,5,5,5,5,3
EMECA_HECA_3,4,4,4,4,4,4,4,4,3,4,4,4,4,3,3,4,0,0,0,0,4,4,4,4,4,4,4,4,3,4,4,4,4,3,3,4,0,0,0,0,4,4,4,4,4,4,4,4,2,4,4,4,4,2,2,4,0,0,0,0,0,0,0,0,0,0,0,0,0,0,0,0,0,0,0,0,0,0,0,0,0,0,0,0,0,0,0,0,0,0,0,0,0,0,0,0,0,0,0,0,5,5,5,5,5,5,5,5,3,5,5,5,5,3,3,5,0,0,0,0,5,5,5,5,5,5,5,5,3,4,4,4,4,3,3,4,0,0,0,0,0,0,0,0,0,0,0,0,0,0,0,0,0,0,0,0,0,0,0,0,0,0,0,0,0,0,0,0,0,0,0,0,0,0,0,0,0,0,0,0,4,4,4,4,6,6,6,6,4,6,6,6,6,4,4,6,0,0,0,0,6,6,6,6,6,6,6,6,3,6,5,6,6,3,3,6,6,6,6,3,0,0,0,0,0,0,0,0,0,0,0,0,0,0,0,0,0,0,0,0,0,0,0,0,0,0,0,0,0,0,0,0,0,0,0,0,0,0,0,0,4,4,4,4,4,4,4,4,2,4,4,4,4,2,2,4,4,5,5,2,4,4,4,4,4,4,4,4,2,4,4,4,4,2,2,5,5,4,4,2,4,4,4,4,4,4,4,4,2,4,4,4,4,2,2,4,4,4,4,2
EMECA_HECA_4,5,5,5,5,5,5,5,5,3,5,5,5,4,4,4,5,0,0,0,0,5,5,5,5,5,5,5,5,4,5,5,5,5,4,4,5,0,0,0,0,4,5,5,5,4,5,5,5,3,5,5,5,5,3,3,5,0,0,0,0,0,0,0,0,0,0,0,0,0,0,0,0,0,0,0,0,0,0,0,0,0,0,0,0,0,0,0,0,0,0,0,0,0,0,0,0,0,0,0,0,6,6,6,6,6,6,6,6,4,6,6,6,6,4,4,6,0,0,0,0,6,6,6,6,6,3,6,6,4,5,5,5,5,4,4,5,0,0,0,0,0,0,0,0,0,0,0,0,0,0,0,0,0,0,0,0,0,0,0,0,0,0,0,0,0,0,0,0,0,0,0,0,0,0,0,0,0,0,0,0,5,5,4,4,7,7,6,6,5,7,7,6,7,5,5,6,0,0,0,0,7,7,7,7,7,7,7,7,4,7,6,7,7,4,4,7,7,7,7,4,0,0,0,0,0,0,0,0,0,0,0,0,0,0,0,0,0,0,0,0,0,0,0,0,0,0,0,0,0,0,0,0,0,0,0,0,0,0,0,0,5,5,5,5,5,5,5,5,3,5,5,5,5,3,3,5,5,6,6,3,5,5,5,5,4,4,5,5,3,5,5,5,5,3,3,6,6,5,5,3,5,5,5,5,5,5,5,5,3,5,5,5,5,3,3,5,5,5,5,3
EMECA_HECA_5,4,4,4,4,4,4,4,4,3,4,4,4,4,3,3,4,0,0,0,0,4,4,4,4,4,4,4,4,3,4,4,4,4,3,3,4,0,0,0,0,4,4,4,4,4,4,4,4,2,4,4,4,4,2,2,4,0,0,0,0,0,0,0,0,0,0,0,0,0,0,0,0,0,0,0,0,0,0,0,0,0,0,0,0,0,0,0,0,0,0,0,0,0,0,0,0,0,0,0,0,5,5,5,5,5,5,5,5,3,5,5,5,5,3,3,5,0,0,0,0,5,5,5,5,5,5,5,5,3,4,4,4,4,3,3,4,0,0,0,0,0,0,0,0,0,0,0,0,0,0,0,0,0,0,0,0,0,0,0,0,0,0,0,0,0,0,0,0,0,0,0,0,0,0,0,0,0,0,0,0,4,4,4,4,6,6,6,6,4,6,6,6,6,4,4,6,0,0,0,0,6,6,6,6,6,6,6,6,3,6,5,6,6,3,3,6,6,6,6,3,0,0,0,0,0,0,0,0,0,0,0,0,0,0,0,0,0,0,0,0,0,0,0,0,0,0,0,0,0,0,0,0,0,0,0,0,0,0,0,0,4,4,4,4,4,4,4,4,2,4,4,4,4,2,2,4,4,5,5,2,4,4,4,4,4,4,4,4,2,4,4,4,4,2,2,5,5,4,4,2,4,4,4,4,4,4,4,4,2,4,4,4,4,2,2,4,4,4,4,2
EMECA_HECA_6,5,5,5,5,5,5,5,5,3,5,5,5,4,4,4,5,0,0,0,0,5,5,5,5,5,5,5,5,4,5,5,5,5,4,4,5,0,0,0,0,4,5,5,5,4,5,5,5,3,5,5,5,5,3,3,5,0,0,0,0,0,0,0,0,0,0,0,0,0,0,0,0,0,0,0,0,0,0,0,0,0,0,0,0,0,0,0,0,0,0,0,0,0,0,0,0,0,0,0,0,6,6,6,6,6,6,6,6,4,6,6,6,6,4,4,6,0,0,0,0,6,6,6,6,6,3,6,6,4,5,5,5,5,4,4,5,0,0,0,0,0,0,0,0,0,0,0,0,0,0,0,0,0,0,0,0,0,0,0,0,0,0,0,0,0,0,0,0,0,0,0,0,0,0,0,0,0,0,0,0,5,5,4,4,7,7,6,6,5,7,7,6,7,5,5,6,0,0,0,0,7,7,7,7,7,7,7,7,4,7,6,7,7,4,4,7,7,7,7,4,0,0,0,0,0,0,0,0,0,0,0,0,0,0,0,0,0,0,0,0,0,0,0,0,0,0,0,0,0,0,0,0,0,0,0,0,0,0,0,0,5,5,5,5,5,5,5,5,3,5,5,5,5,3,3,5,5,6,6,3,5,5,5,5,4,4,5,5,3,5,5,5,5,3,3,6,6,5,5,3,5,5,5,5,5,5,5,5,3,5,5,5,5,3,3,5,5,5,5,3
EMECA_HECA_7,4,4,4,4,4,4,4,4,3,4,4,4,4,3,3,4,0,0,0,0,4,4,4,4,4,4,4,4,3,4,4,4,4,3,3,4,0,0,0,0,4,4,4,4,4,4,4,4,2,4,4,4,4,2,2,4,0,0,0,0,0,0,0,0,0,0,0,0,0,0,0,0,0,0,0,0,0,0,0,0,0,0,0,0,0,0,0,0,0,0,0,0,0,0,0,0,0,0,0,0,5,5,5,5,5,5,5,5,3,5,5,5,5,3,3,5,0,0,0,0,5,5,5,5,5,5,5,5,3,4,4,4,4,3,3,4,0,0,0,0,0,0,0,0,0,0,0,0,0,0,0,0,0,0,0,0,0,0,0,0,0,0,0,0,0,0,0,0,0,0,0,0,0,0,0,0,0,0,0,0,4,4,4,4,6,6,6,6,4,6,6,6,6,4,4,6,0,0,0,0,6,6,6,6,6,6,6,6,3,6,5,6,6,3,3,6,6,6,6,3,0,0,0,0,0,0,0,0,0,0,0,0,0,0,0,0,0,0,0,0,0,0,0,0,0,0,0,0,0,0,0,0,0,0,0,0,0,0,0,0,4,4,4,4,4,4,4,4,2,4,4,4,4,2,2,4,4,5,5,2,4,4,4,4,4,4,4,4,2,4,4,4,4,2,2,5,5,4,4,2,4,4,4,4,4,4,4,4,2,4,4,4,4,2,2,4,4,4,4,2
EMECA_HECA_8,5,5,5,5,5,5,5,5,3,5,5,5,4,4,4,5,0,0,0,0,5,5,5,5,5,5,5,5,4,5,5,5,5,4,4,5,0,0,0,0,4,5,5,5,4,5,5,5,3,5,5,5,5,3,3,5,0,0,0,0,0,0,0,0,0,0,0,0,0,0,0,0,0,0,0,0,0,0,0,0,0,0,0,0,0,0,0,0,0,0,0,0,0,0,0,0,0,0,0,0,6,6,6,6,6,6,6,6,4,6,6,6,6,4,4,6,0,0,0,0,6,6,6,6,6,3,6,6,4,5,5,5,5,4,4,5,0,0,0,0,0,0,0,0,0,0,0,0,0,0,0,0,0,0,0,0,0,0,0,0,0,0,0,0,0,0,0,0,0,0,0,0,0,0,0,0,0,0,0,0,5,5,4,4,7,7,6,6,5,7,7,6,7,5,5,6,0,0,0,0,7,7,7,7,7,7,7,7,4,7,6,7,7,4,4,7,7,7,7,4,0,0,0,0,0,0,0,0,0,0,0,0,0,0,0,0,0,0,0,0,0,0,0,0,0,0,0,0,0,0,0,0,0,0,0,0,0,0,0,0,5,5,5,5,5,5,5,5,3,5,5,5,5,3,3,5,5,6,6,3,5,5,5,5,4,4,5,5,3,5,5,5,5,3,3,6,6,5,5,3,5,5,5,5,5,5,5,5,3,5,5,5,5,3,3,5,5,5,5,3
EMECA_1,6,6,6,6,6,6,6,6,4,6,6,6,5,5,5,6,4,4,4,3,6,6,6,6,6,6,6,6,5,6,6,5,6,5,5,6,4,4,4,3,1,1,1,1,5,6,6,6,4,3,3,3,3,4,4,6,4,4,4,2,8,9,10,8,4,4,3,3,3,8,6,6,8,8,9,9,9,10,10,9,8,9,9,9,9,9,9,9,4,9,8,8,8,8,9,10,10,10,10,9,7,7,7,7,1,1,1,1,5,0,0,0,0,5,5,7,5,6,6,3,7,7,7,7,7,6,7,7,0,0,0,0,0,5,0,6,4,4,4,3,5,5,5,5,4,4,4,4,0,6,6,6,6,4,0,0,0,0,0,4,9,9,8,8,9,9,10,10,0,9,8,8,9,6,0,10,10,10,10,8,6,6,5,5,4,4,4,4,0,8,8,7,8,6,0,7,6,6,6,4,8,8,8,8,4,4,4,4,5,8,7,8,8,5,5,8,8,8,8,5,0,0,0,0,8,8,8,8,5,2,2,2,2,5,5,8,8,8,8,5,6,7,7,7,7,7,6,6,4,7,6,6,7,5,6,8,8,8,8,6,6,6,6,6,6,6,6,6,4,6,6,6,6,4,4,6,6,7,7,4,6,6,0,0,5,5,6,6,4,6,6,6,6,4,4,7,7,6,6,4,6,6,6,6,2,2,2,2,4,6,6,6,6,4,4,6,6,6,6,4
EMECA_2,6,6,6,6,6,6,6,6,4,6,6,6,5,5,5,6,4,4,4,3,6,6,6,6,6,6,6,6,5,6,6,5,6,5,5,6,4,4,4,3,1,1,1,1,5,6,6,6,4,3,3,3,3,4,4,6,4,4,4,2,8,9,10,8,4,4,3,3,3,8,6,6,8,8,9,9,9,10,10,9,8,9,9,9,9,9,9,9,4,9,8,8,8,8,9,10,10,10,10,9,7,7,7,7,1,1,1,1,5,0,0,0,0,5,5,7,5,6,6,3,7,7,7,7,7,6,7,7,0,0,0,0,0,5,0,6,4,4,4,3,5,5,5,5,4,4,4,4,0,6,6,6,6,4,0,0,0,0,0,4,9,9,8,8,9,9,10,10,0,9,8,8,9,6,0,10,10,10,10,8,6,6,5,5,4,4,4,4,0,8,8,7,8,6,0,7,6,6,6,4,8,8,8,8,4,4,4,4,5,8,7,8,8,5,5,8,8,8,8,5,0,0,0,0,8,8,8,8,5,2,2,2,2,5,5,8,8,8,8,5,6,7,7,7,7,7,6,6,4,7,6,6,7,5,6,8,8,8,8,6,6,6,6,6,6,6,6,6,4,6,6,6,6,4,4,6,6,7,7,4,6,6,0,0,5,5,6,6,4,6,6,6,6,4,4,7,7,6,6,4,6,6,6,6,2,2,2,2,4,6,6,6,6,4,4,6,6,6,6,4
EMECA_3,6,6,6,6,6,6,6,6,4,6,6,6,5,5,5,6,4,4,4,3,6,6,6,6,6,6,6,6,5,6,6,5,6,5,5,6,4,4,4,3,1,1,1,1,5,6,6,6,4,3,3,3,3,4,4,6,4,4,4,2,8,9,10,8,4,4,3,3,3,8,6,6,8,8,9,9,9,10,10,9,8,9,9,9,9,9,9,9,4,9,8,8,8,8,9,10,10,10,10,9,7,7,7,7,1,1,1,1,5,0,0,0,0,5,5,7,5,6,6,3,7,7,7,7,7,6,7,7,0,0,0,0,0,5,0,6,4,4,4,3,5,5,5,5,4,4,4,4,0,6,6,6,6,4,0,0,0,0,0,4,9,9,8,8,9,9,10,10,0,9,8,8,9,6,0,10,10,10,10,8,6,6,5,5,4,4,4,4,0,8,8,7,8,6,0,7,6,6,6,4,8,8,8,8,4,4,4,4,5,8,7,8,8,5,5,8,8,8,8,5,0,0,0,0,8,8,8,8,5,2,2,2,2,5,5,8,8,8,8,5,6,7,7,7,7,7,6,6,4,7,6,6,7,5,6,8,8,8,8,6,6,6,6,6,6,6,6,6,4,6,6,6,6,4,4,6,6,7,7,4,6,6,0,0,5,5,6,6,4,6,6,6,6,4,4,7,7,6,6,4,6,6,6,6,2,2,2,2,4,6,6,6,6,4,4,6,6,6,6,4
EMECA_4,6,6,6,6,6,6,6,6,4,6,6,6,5,5,5,6,4,4,4,3,6,6,6,6,6,6,6,6,5,6,6,5,6,5,5,6,4,4,4,3,1,1,1,1,5,6,6,6,4,3,3,3,3,4,4,6,4,4,4,2,8,9,10,8,4,4,3,3,3,8,6,6,8,8,9,9,9,10,10,9,8,9,9,9,9,9,9,9,4,9,8,8,8,8,9,10,10,10,10,9,7,7,7,7,1,1,1,1,5,0,0,0,0,5,5,7,5,6,6,3,7,7,7,7,7,6,7,7,0,0,0,0,0,5,0,6,4,4,4,3,5,5,5,5,4,4,4,4,0,6,6,6,6,4,0,0,0,0,0,4,9,9,8,8,9,9,10,10,0,9,8,8,9,6,0,10,10,10,10,8,6,6,5,5,4,4,4,4,0,8,8,7,8,6,0,7,6,6,6,4,8,8,8,8,4,4,4,4,5,8,7,8,8,5,5,8,8,8,8,5,0,0,0,0,8,8,8,8,5,2,2,2,2,5,5,8,8,8,8,5,6,7,7,7,7,7,6,6,4,7,6,6,7,5,6,8,8,8,8,6,6,6,6,6,6,6,6,6,4,6,6,6,6,4,4,6,6,7,7,4,6,6,0,0,5,5,6,6,4,6,6,6,6,4,4,7,7,6,6,4,6,6,6,6,2,2,2,2,4,6,6,6,6,4,4,6,6,6,6,4
EMECA_5,6,6,6,6,6,6,6,6,4,6,6,6,5,5,5,6,4,4,4,3,6,6,6,6,6,6,6,6,5,6,6,5,6,5,5,6,4,4,4,3,1,1,1,1,5,6,6,6,4,3,3,3,3,4,4,6,4,4,4,2,8,9,10,8,4,4,3,3,3,8,6,6,8,8,9,9,9,10,10,9,8,9,9,9,9,9,9,9,4,9,8,8,8,8,9,10,10,10,10,9,7,7,7,7,1,1,1,1,5,0,0,0,0,5,5,7,5,6,6,3,7,7,7,7,7,6,7,7,0,0,0,0,0,5,0,6,4,4,4,3,5,5,5,5,4,4,4,4,0,6,6,6,6,4,0,0,0,0,0,4,9,9,8,8,9,9,10,10,0,9,8,8,9,6,0,10,10,10,10,8,6,6,5,5,4,4,4,4,0,8,8,7,8,6,0,7,6,6,6,4,8,8,8,8,4,4,4,4,5,8,7,8,8,5,5,8,8,8,8,5,0,0,0,0,8,8,8,8,5,2,2,2,2,5,5,8,8,8,8,5,6,7,7,7,7,7,6,6,4,7,6,6,7,5,6,8,8,8,8,6,6,6,6,6,6,6,6,6,4,6,6,6,6,4,4,6,6,7,7,4,6,6,0,0,5,5,6,6,4,6,6,6,6,4,4,7,7,6,6,4,6,6,6,6,2,2,2,2,4,6,6,6,6,4,4,6,6,6,6,4
EMECA_6,6,6,6,6,6,6,6,6,4,6,6,6,5,5,5,6,4,4,4,3,6,6,6,6,6,6,6,6,5,6,6,5,6,5,5,6,4,4,4,3,1,1,1,1,5,6,6,6,4,3,3,3,3,4,4,6,4,4,4,2,8,9,10,8,4,4,3,3,3,8,6,6,8,8,9,9,9,10,10,9,8,9,9,9,9,9,9,9,4,9,8,8,8,8,9,10,10,10,10,9,7,7,7,7,1,1,1,1,5,0,0,0,0,5,5,7,5,6,6,3,7,7,7,7,7,6,7,7,0,0,0,0,0,5,0,6,4,4,4,3,5,5,5,5,4,4,4,4,0,6,6,6,6,4,0,0,0,0,0,4,9,9,8,8,9,9,10,10,0,9,8,8,9,6,0,10,10,10,10,8,6,6,5,5,4,4,4,4,0,8,8,7,8,6,0,7,6,6,6,4,8,8,8,8,4,4,4,4,5,8,7,8,8,5,5,8,8,8,8,5,0,0,0,0,8,8,8,8,5,2,2,2,2,5,5,8,8,8,8,5,6,7,7,7,7,7,6,6,4,7,6,6,7,5,6,8,8,8,8,6,6,6,6,6,6,6,6,6,4,6,6,6,6,4,4,6,6,7,7,4,6,6,0,0,5,5,6,6,4,6,6,6,6,4,4,7,7,6,6,4,6,6,6,6,2,2,2,2,4,6,6,6,6,4,4,6,6,6,6,4
EMECA_7,6,6,6,6,6,6,6,6,4,6,6,6,5,5,5,6,4,4,4,3,6,6,6,6,6,6,6,6,5,6,6,5,6,5,5,6,4,4,4,3,1,1,1,1,5,6,6,6,4,3,3,3,3,4,4,6,4,4,4,2,8,9,10,8,4,4,3,3,3,8,6,6,8,8,9,9,9,10,10,9,8,9,9,9,9,9,9,9,4,9,8,8,8,8,9,10,10,10,10,9,7,7,7,7,1,1,1,1,5,0,0,0,0,5,5,7,5,6,6,3,7,7,7,7,7,6,7,7,0,0,0,0,0,5,0,6,4,4,4,3,5,5,5,5,4,4,4,4,0,6,6,6,6,4,0,0,0,0,0,4,9,9,8,8,9,9,10,10,0,9,8,8,9,6,0,10,10,10,10,8,6,6,5,5,4,4,4,4,0,8,8,7,8,6,0,7,6,6,6,4,8,8,8,8,4,4,4,4,5,8,7,8,8,5,5,8,8,8,8,5,0,0,0,0,8,8,8,8,5,2,2,2,2,5,5,8,8,8,8,5,6,7,7,7,7,7,6,6,4,7,6,6,7,5,6,8,8,8,8,6,6,6,6,6,6,6,6,6,4,6,6,6,6,4,4,6,6,7,7,4,6,6,0,0,5,5,6,6,4,6,6,6,6,4,4,7,7,6,6,4,6,6,6,6,2,2,2,2,4,6,6,6,6,4,4,6,6,6,6,4
EMECA_8,6,6,6,6,6,6,6,6,4,6,6,6,5,5,5,6,4,4,4,3,6,6,6,6,6,6,6,6,5,6,6,5,6,5,5,6,4,4,4,3,1,1,1,1,5,6,6,6,4,3,3,3,3,4,4,6,4,4,4,2,8,9,10,8,4,4,3,3,3,8,6,6,8,8,9,9,9,10,10,9,8,9,9,9,9,9,9,9,4,9,8,8,8,8,9,10,10,10,10,9,7,7,7,7,1,1,1,1,5,0,0,0,0,5,5,7,5,6,6,3,7,7,7,7,7,6,7,7,0,0,0,0,0,5,0,6,4,4,4,3,5,5,5,5,4,4,4,4,0,6,6,6,6,4,0,0,0,0,0,4,9,9,8,8,9,9,10,10,0,9,8,8,9,6,0,10,10,10,10,8,6,6,5,5,4,4,4,4,0,8,8,7,8,6,0,7,6,6,6,4,8,8,8,8,4,4,4,4,5,8,7,8,8,5,5,8,8,8,8,5,0,0,0,0,8,8,8,8,5,2,2,2,2,5,5,8,8,8,8,5,6,7,7,7,7,7,6,6,4,7,6,6,7,5,6,8,8,8,8,6,6,6,6,6,6,6,6,6,4,6,6,6,6,4,4,6,6,7,7,4,6,6,0,0,5,5,6,6,4,6,6,6,6,4,4,7,7,6,6,4,6,6,6,6,2,2,2,2,4,6,6,6,6,4,4,6,6,6,6,4
EMECA_9,6,6,6,6,6,6,6,6,4,6,6,6,5,5,5,6,4,4,4,3,6,6,6,6,6,6,6,6,5,6,6,5,6,5,5,6,4,4,4,3,1,1,1,1,5,6,6,6,4,3,3,3,3,4,4,6,4,4,4,2,8,9,10,8,4,4,3,3,3,8,6,6,8,8,9,9,9,10,10,9,8,9,9,9,9,9,9,9,4,9,8,8,8,8,9,10,10,10,10,9,7,7,7,7,1,1,1,1,5,0,0,0,0,5,5,7,5,6,6,3,7,7,7,7,7,6,7,7,0,0,0,0,0,5,0,6,4,4,4,3,5,5,5,5,4,4,4,4,0,6,6,6,6,4,0,0,0,0,0,4,9,9,8,8,9,9,10,10,0,9,8,8,9,6,0,10,10,10,10,8,6,6,5,5,4,4,4,4,0,8,8,7,8,6,0,7,6,6,6,4,8,8,8,8,4,4,4,4,5,8,7,8,8,5,5,8,8,8,8,5,0,0,0,0,8,8,8,8,5,2,2,2,2,5,5,8,8,8,8,5,6,7,7,7,7,7,6,6,4,7,6,6,7,5,6,8,8,8,8,6,6,6,6,6,6,6,6,6,4,6,6,6,6,4,4,6,6,7,7,4,6,6,0,0,5,5,6,6,4,6,6,6,6,4,4,7,7,6,6,4,6,6,6,6,2,2,2,2,4,6,6,6,6,4,4,6,6,6,6,4
EMECA_10,6,6,6,6,6,6,6,6,4,6,6,6,5,5,5,6,4,4,4,3,6,6,6,6,6,6,6,6,5,6,6,5,6,5,5,6,4,4,4,3,1,1,1,1,5,6,6,6,4,3,3,3,3,4,4,6,4,4,4,2,8,9,10,8,4,4,3,3,3,8,6,6,8,8,9,9,9,10,10,9,8,9,9,9,9,9,9,9,4,9,8,8,8,8,9,10,10,10,10,9,7,7,7,7,1,1,1,1,5,0,0,0,0,5,5,7,5,6,6,3,7,7,7,7,7,6,7,7,0,0,0,0,0,5,0,6,4,4,4,3,5,5,5,5,4,4,4,4,0,6,6,6,6,4,0,0,0,0,0,4,9,9,8,8,9,9,10,10,0,9,8,8,9,6,0,10,10,10,10,8,6,6,5,5,4,4,4,4,0,8,8,7,8,6,0,7,6,6,6,4,8,8,8,8,4,4,4,4,5,8,7,8,8,5,5,8,8,8,8,5,0,0,0,0,8,8,8,8,5,2,2,2,2,5,5,8,8,8,8,5,6,7,7,7,7,7,6,6,4,7,6,6,7,5,6,8,8,8,8,6,6,6,6,6,6,6,6,6,4,6,6,6,6,4,4,6,6,7,7,4,6,6,0,0,5,5,6,6,4,6,6,6,6,4,4,7,7,6,6,4,6,6,6,6,2,2,2,2,4,6,6,6,6,4,4,6,6,6,6,4
EMECA_11,6,6,6,6,6,6,6,6,4,6,6,6,5,5,5,6,4,4,4,3,6,6,6,6,6,6,6,6,5,6,6,5,6,5,5,6,4,4,4,3,1,1,1,1,5,6,6,6,4,3,3,3,3,4,4,6,4,4,4,2,8,9,10,8,4,4,3,3,3,8,6,6,8,8,9,9,9,10,10,9,8,9,9,9,9,9,9,9,4,9,8,8,8,8,9,10,10,10,10,9,7,7,7,7,1,1,1,1,5,0,0,0,0,5,5,7,5,6,6,3,7,7,7,7,7,6,7,7,0,0,0,0,0,5,0,6,4,4,4,3,5,5,5,5,4,4,4,4,0,6,6,6,6,4,0,0,0,0,0,4,9,9,8,8,9,9,10,10,0,9,8,8,9,6,0,10,10,10,10,8,6,6,5,5,4,4,4,4,0,8,8,7,8,6,0,7,6,6,6,4,8,8,8,8,4,4,4,4,5,8,7,8,8,5,5,8,8,8,8,5,0,0,0,0,8,8,8,8,5,2,2,2,2,5,5,8,8,8,8,5,6,7,7,7,7,7,6,6,4,7,6,6,7,5,6,8,8,8,8,6,6,6,6,6,6,6,6,6,4,6,6,6,6,4,4,6,6,7,7,4,6,6,0,0,5,5,6,6,4,6,6,6,6,4,4,7,7,6,6,4,6,6,6,6,2,2,2,2,4,6,6,6,6,4,4,6,6,6,6,4
EMECA_12,6,6,6,6,6,6,6,6,4,6,6,6,5,5,5,6,4,4,4,3,6,6,6,6,6,6,6,6,5,6,6,5,6,5,5,6,4,4,4,3,1,1,1,1,5,6,6,6,4,3,3,3,3,4,4,6,4,4,4,2,8,9,10,8,4,4,3,3,3,8,6,6,8,8,9,9,9,10,10,9,8,9,9,9,9,9,9,9,4,9,8,8,8,8,9,10,10,10,10,9,7,7,7,7,1,1,1,1,5,0,0,0,0,5,5,7,5,6,6,3,7,7,7,7,7,6,7,7,0,0,0,0,0,5,0,6,4,4,4,3,5,5,5,5,4,4,4,4,0,6,6,6,6,4,0,0,0,0,0,4,9,9,8,8,9,9,10,10,0,9,8,8,9,6,0,10,10,10,10,8,6,6,5,5,4,4,4,4,0,8,8,7,8,6,0,7,6,6,6,4,8,8,8,8,4,4,4,4,5,8,7,8,8,5,5,8,8,8,8,5,0,0,0,0,8,8,8,8,5,2,2,2,2,5,5,8,8,8,8,5,6,7,7,7,7,7,6,6,4,7,6,6,7,5,6,8,8,8,8,6,6,6,6,6,6,6,6,6,4,6,6,6,6,4,4,6,6,7,7,4,6,6,0,0,5,5,6,6,4,6,6,6,6,4,4,7,7,6,6,4,6,6,6,6,2,2,2,2,4,6,6,6,6,4,4,6,6,6,6,4
EMECA_13,6,6,6,6,6,6,6,6,4,6,6,6,5,5,5,6,4,4,4,3,6,6,6,6,6,6,6,6,5,6,6,5,6,5,5,6,4,4,4,3,1,1,1,1,5,6,6,6,4,3,3,3,3,4,4,6,4,4,4,2,8,9,10,8,4,4,3,3,3,8,6,6,8,8,9,9,9,10,10,9,8,9,9,9,9,9,9,9,4,9,8,8,8,8,9,10,10,10,10,9,7,7,7,7,1,1,1,1,5,0,0,0,0,5,5,7,5,6,6,3,7,7,7,7,7,6,7,7,0,0,0,0,0,5,0,6,4,4,4,3,5,5,5,5,4,4,4,4,0,6,6,6,6,4,0,0,0,0,0,4,9,9,8,8,9,9,10,10,0,9,8,8,9,6,0,10,10,10,10,8,6,6,5,5,4,4,4,4,0,8,8,7,8,6,0,7,6,6,6,4,8,8,8,8,4,4,4,4,5,8,7,8,8,5,5,8,8,8,8,5,0,0,0,0,8,8,8,8,5,2,2,2,2,5,5,8,8,8,8,5,6,7,7,7,7,7,6,6,4,7,6,6,7,5,6,8,8,8,8,6,6,6,6,6,6,6,6,6,4,6,6,6,6,4,4,6,6,7,7,4,6,6,0,0,5,5,6,6,4,6,6,6,6,4,4,7,7,6,6,4,6,6,6,6,2,2,2,2,4,6,6,6,6,4,4,6,6,6,6,4
EMECA_14,6,6,6,6,6,6,6,6,4,6,6,6,5,5,5,6,4,4,4,3,6,6,6,6,6,6,6,6,5,6,6,5,6,5,5,6,4,4,4,3,1,1,1,1,5,6,6,6,4,3,3,3,3,4,4,6,4,4,4,2,8,9,10,8,4,4,3,3,3,8,6,6,8,8,9,9,9,10,10,9,8,9,9,9,9,9,9,9,4,9,8,8,8,8,9,10,10,10,10,9,7,7,7,7,1,1,1,1,5,0,0,0,0,5,5,7,5,6,6,3,7,7,7,7,7,6,7,7,0,0,0,0,0,5,0,6,4,4,4,3,5,5,5,5,4,4,4,4,0,6,6,6,6,4,0,0,0,0,0,4,9,9,8,8,9,9,10,10,0,9,8,8,9,6,0,10,10,10,10,8,6,6,5,5,4,4,4,4,0,8,8,7,8,6,0,7,6,6,6,4,8,8,8,8,4,4,4,4,5,8,7,8,8,5,5,8,8,8,8,5,0,0,0,0,8,8,8,8,5,2,2,2,2,5,5,8,8,8,8,5,6,7,7,7,7,7,6,6,4,7,6,6,7,5,6,8,8,8,8,6,6,6,6,6,6,6,6,6,4,6,6,6,6,4,4,6,6,7,7,4,6,6,0,0,5,5,6,6,4,6,6,6,6,4,4,7,7,6,6,4,6,6,6,6,2,2,2,2,4,6,6,6,6,4,4,6,6,6,6,4
EMECA_15,6,6,6,6,6,6,6,6,4,6,6,6,5,5,5,6,4,4,4,3,6,6,6,6,6,6,6,6,5,6,6,5,6,5,5,6,4,4,4,3,1,1,1,1,5,6,6,6,4,3,3,3,3,4,4,6,4,4,4,2,8,9,10,8,4,4,3,3,3,8,6,6,8,8,9,9,9,10,10,9,8,9,9,9,9,9,9,9,4,9,8,8,8,8,9,10,10,10,10,9,7,7,7,7,1,1,1,1,5,0,0,0,0,5,5,7,5,6,6,3,7,7,7,7,7,6,7,7,0,0,0,0,0,5,0,6,4,4,4,3,5,5,5,5,4,4,4,4,0,6,6,6,6,4,0,0,0,0,0,4,9,9,8,8,9,9,10,10,0,9,8,8,9,6,0,10,10,10,10,8,6,6,5,5,4,4,4,4,0,8,8,7,8,6,0,7,6,6,6,4,8,8,8,8,4,4,4,4,5,8,7,8,8,5,5,8,8,8,8,5,0,0,0,0,8,8,8,8,6,2,2,2,2,5,5,8,8,8,8,5,6,7,7,7,7,7,6,6,4,7,6,6,7,5,6,8,8,8,8,6,6,6,6,6,6,6,6,6,5,7,7,7,7,4,4,6,6,7,7,4,6,6,0,0,5,5,6,6,4,6,6,6,6,4,4,7,7,6,6,4,6,6,6,6,2,2,2,2,4,6,6,6,6,4,4,6,6,6,6,4
EMECA_16,6,6,6,6,6,6,6,6,4,6,6,6,5,5,5,6,4,4,4,3,6,6,6,6,6,6,6,6,5,6,6,5,6,5,5,6,4,4,4,3,1,1,1,1,5,6,6,6,4,3,3,3,3,4,4,6,4,4,4,2,8,9,10,8,4,4,3,3,3,8,6,6,8,8,9,9,9,10,10,9,8,9,9,9,9,9,9,9,4,9,8,8,8,8,9,10,10,10,10,9,7,7,7,7,1,1,1,1,5,0,0,0,0,5,5,7,5,6,6,3,7,7,7,7,7,6,7,7,0,0,0,0,0,5,0,6,4,4,4,3,5,5,5,5,4,4,4,4,0,6,6,6,6,4,0,0,0,0,0,4,9,9,8,8,9,9,10,10,0,9,8,8,9,6,0,10,10,10,10,8,6,6,5,5,4,4,4,4,0,8,8,7,8,6,0,7,6,6,6,4,8,8,8,8,4,4,4,4,5,8,7,8,8,5,5,8,8,8,8,5,0,0,0,0,8,8,8,8,5,2,2,2,2,5,5,8,8,8,8,5,6,7,7,7,7,7,6,6,4,7,6,6,7,5,6,8,8,8,8,6,6,6,6,6,6,6,6,6,4,6,6,6,6,4,4,6,6,7,7,4,6,6,0,0,5,5,6,6,4,6,6,6,6,4,4,7,7,6,6,4,6,6,6,6,2,2,2,2,4,6,6,6,6,4,4,6,6,6,6,4
EMECC_HECC_1,7,7,7,7,7,7,7,7,5,7,7,3,6,6,6,7,0,0,0,0,4,7,7,7,4,7,7,7,3,1,7,6,4,6,6,7,0,0,0,0,5,6,6,6,6,7,7,7,5,6,6,6,6,5,5,7,0,0,0,0,0,0,0,0,0,0,0,0,0,0,0,0,0,0,0,0,0,0,0,0,0,0,0,0,0,0,0,0,0,0,0,0,0,0,0,0,0,0,0,0,8,8,8,8,7,7,7,7,6,7,7,7,7,6,6,8,0,0,0,0,8,8,8,8,8,0,8,8,5,6,6,6,6,6,5,7,0,0,0,0,0,0,0,0,0,0,0,0,0,0,0,0,0,0,0,0,0,0,0,0,0,0,0,0,0,0,0,0,0,0,0,0,0,0,0,0,0,0,0,0,7,7,6,6,8,8,7,7,6,9,9,8,9,7,6,8,0,0,0,0,9,9,9,9,8,8,3,3,4,7,6,7,9,6,4,7,7,7,9,6,0,0,0,0,0,0,0,0,0,0,0,0,0,0,0,0,0,0,0,0,0,0,0,0,0,0,0,0,0,0,0,0,0,0,0,0,0,0,0,0,7,7,7,7,7,7,7,7,3,5,5,5,8,5,3,5,5,6,8,5,7,7,6,6,6,6,7,7,3,5,5,5,7,5,3,6,6,5,7,5,7,7,4,4,6,6,6,6,3,5,5,5,7,5,3,5,5,5,7,5
EMECC_HECC_2,7,8,8,8,7,8,8,8,6,8,8,7,7,7,7,8,0,0,0,0,5,8,8,8,5,8,8,8,4,7,8,7,5,7,7,8,0,0,0,0,6,7,7,7,7,6,8,8,5,7,7,7,6,6,6,8,0,0,0,0,0,0,0,0,0,0,0,0,0,0,0,0,0,0,0,0,0,0,0,0,0,0,0,0,0,0,0,0,0,0,0,0,0,0,0,0,0,0,0,0,9,9,9,9,8,8,8,8,7,8,8,8,8,7,7,9,0,0,0,0,9,9,9,9,9,7,9,9,6,7,7,7,7,7,6,8,0,0,0,0,0,0,0,0,0,0,0,0,0,0,0,0,0,0,0,0,0,0,0,0,0,0,0,0,0,0,0,0,0,0,0,0,0,0,0,0,0,0,0,0,8,8,7,6,9,9,8,7,7,10,9,8,10,8,6,8,0,0,0,0,8,8,8,8,9,9,8,8,3,6,5,6,0,7,3,6,6,6,10,7,0,0,0,0,0,0,0,0,0,0,0,0,0,0,0,0,0,0,0,0,0,0,0,0,0,0,0,0,0,0,0,0,0,0,0,0,0,0,0,0,8,8,8,8,8,8,8,8,2,4,4,4,9,6,2,4,4,5,9,6,8,8,6,6,7,7,8,8,2,4,4,4,8,6,2,5,5,4,8,6,8,8,7,7,5,5,7,7,2,4,4,4,8,6,2,4,4,4,8,6
EMECC_HECC_3,7,7,7,7,7,7,7,7,5,7,7,3,6,6,6,7,0,0,0,0,4,7,7,7,4,7,7,7,3,1,7,6,4,6,6,7,0,0,0,0,5,6,6,6,6,7,7,7,5,6,6,6,6,5,5,7,0,0,0,0,0,0,0,0,0,0,0,0,0,0,0,0,0,0,0,0,0,0,0,0,0,0,0,0,0,0,0,0,0,0,0,0,0,0,0,0,0,0,0,0,8,8,8,8,7,7,7,7,6,7,7,7,7,6,6,8,0,0,0,0,8,8,8,8,8,0,8,8,5,6,6,6,6,6,5,7,0,0,0,0,0,0,0,0,0,0,0,0,0,0,0,0,0,0,0,0,0,0,0,0,0,0,0,0,0,0,0,0,0,0,0,0,0,0,0,0,0,0,0,0,7,7,6,6,8,8,7,7,6,9,9,8,9,7,6,8,0,0,0,0,9,9,9,9,8,8,3,3,4,7,6,7,9,6,4,7,7,7,9,6,0,0,0,0,0,0,0,0,0,0,0,0,0,0,0,0,0,0,0,0,0,0,0,0,0,0,0,0,0,0,0,0,0,0,0,0,0,0,0,0,7,7,7,7,7,7,7,7,3,5,5,5,8,5,3,5,5,6,8,5,7,7,6,6,6,6,7,7,3,5,5,5,7,5,3,6,6,5,7,5,7,7,4,4,6,6,6,6,3,5,5,5,7,5,3,5,5,5,7,5
EMECC_HECC_4,7,8,8,8,7,8,8,8,6,8,8,7,7,7,7,8,0,0,0,0,5,8,8,8,5,8,8,8,4,7,8,7,5,7,7,8,0,0,0,0,6,7,7,7,7,6,8,8,5,7,7,7,6,6,6,8,0,0,0,0,0,0,0,0,0,0,0,0,0,0,0,0,0,0,0,0,0,0,0,0,0,0,0,0,0,0,0,0,0,0,0,0,0,0,0,0,0,0,0,0,9,9,9,9,8,8,8,8,7,8,8,8,8,7,7,9,0,0,0,0,9,9,9,9,9,7,9,9,6,7,7,7,7,7,6,8,0,0,0,0,0,0,0,0,0,0,0,0,0,0,0,0,0,0,0,0,0,0,0,0,0,0,0,0,0,0,0,0,0,0,0,0,0,0,0,0,0,0,0,0,8,8,7,6,9,9,8,7,7,10,9,8,10,8,6,8,0,0,0,0,8,8,8,8,9,9,8,8,3,6,5,6,0,7,3,6,6,6,10,7,0,0,0,0,0,0,0,0,0,0,0,0,0,0,0,0,0,0,0,0,0,0,0,0,0,0,0,0,0,0,0,0,0,0,0,0,0,0,0,0,8,8,8,8,8,8,8,8,2,4,4,4,9,6,2,4,4,5,9,6,8,8,6,6,7,7,8,8,2,4,4,4,8,6,2,5,5,4,8,6,8,8,7,7,5,5,7,7,2,4,4,4,8,6,2,4,4,4,8,6
EMECC_HECC_5,7,7,7,7,7,7,7,7,5,7,7,3,6,6,6,7,0,0,0,0,4,7,7,7,4,7,7,7,3,1,7,6,4,6,6,7,0,0,0,0,5,6,6,6,6,7,7,7,5,6,6,6,6,5,5,7,0,0,0,0,0,0,0,0,0,0,0,0,0,0,0,0,0,0,0,0,0,0,0,0,0,0,0,0,0,0,0,0,0,0,0,0,0,0,0,0,0,0,0,0,8,8,8,8,7,7,7,7,6,7,7,7,7,6,6,8,0,0,0,0,8,8,8,8,8,0,8,8,5,6,6,6,6,6,5,7,0,0,0,0,0,0,0,0,0,0,0,0,0,0,0,0,0,0,0,0,0,0,0,0,0,0,0,0,0,0,0,0,0,0,0,0,0,0,0,0,0,0,0,0,7,7,6,6,8,8,7,7,6,9,9,8,9,7,6,8,0,0,0,0,9,9,9,9,8,8,3,3,4,7,6,7,9,6,4,7,7,7,9,6,0,0,0,0,0,0,0,0,0,0,0,0,0,0,0,0,0,0,0,0,0,0,0,0,0,0,0,0,0,0,0,0,0,0,0,0,0,0,0,0,7,7,7,7,7,7,7,7,3,5,5,5,8,5,3,5,5,6,8,5,7,7,6,6,6,6,7,7,3,5,5,5,7,5,3,6,6,5,7,5,7,7,4,4,6,6,6,6,3,5,5,5,7,5,3,5,5,5,7,5
EMECC_HECC_6,7,8,8,8,7,8,8,8,6,8,8,7,7,7,7,8,0,0,0,0,5,8,8,8,5,8,8,8,4,7,8,7,5,7,7,8,0,0,0,0,6,7,7,7,7,6,8,8,5,7,7,7,6,6,6,8,0,0,0,0,0,0,0,0,0,0,0,0,0,0,0,0,0,0,0,0,0,0,0,0,0,0,0,0,0,0,0,0,0,0,0,0,0,0,0,0,0,0,0,0,9,9,9,9,8,8,8,8,7,8,8,8,8,7,7,9,0,0,0,0,9,9,9,9,9,7,9,9,6,7,7,7,7,7,6,8,0,0,0,0,0,0,0,0,0,0,0,0,0,0,0,0,0,0,0,0,0,0,0,0,0,0,0,0,0,0,0,0,0,0,0,0,0,0,0,0,0,0,0,0,8,8,7,6,9,9,8,7,7,10,9,8,10,8,6,8,0,0,0,0,8,8,8,8,9,9,8,8,3,6,5,6,0,7,3,6,6,6,10,7,0,0,0,0,0,0,0,0,0,0,0,0,0,0,0,0,0,0,0,0,0,0,0,0,0,0,0,0,0,0,0,0,0,0,0,0,0,0,0,0,8,8,8,8,8,8,8,8,2,4,4,4,9,6,2,4,4,5,9,6,8,8,6,6,7,7,8,8,2,4,4,4,8,6,2,5,5,4,8,6,8,8,7,7,5,5,7,7,2,4,4,4,8,6,2,4,4,4,8,6
EMECC_HECC_7,7,7,7,7,7,7,7,7,5,7,7,3,6,6,6,7,0,0,0,0,4,7,7,7,4,7,7,7,3,1,7,6,4,6,6,7,0,0,0,0,5,6,6,6,6,7,7,7,5,6,6,6,6,5,5,7,0,0,0,0,0,0,0,0,0,0,0,0,0,0,0,0,0,0,0,0,0,0,0,0,0,0,0,0,0,0,0,0,0,0,0,0,0,0,0,0,0,0,0,0,8,8,8,8,7,7,7,7,6,7,7,7,7,6,6,8,0,0,0,0,8,8,8,8,8,0,8,8,5,6,6,6,6,6,5,7,0,0,0,0,0,0,0,0,0,0,0,0,0,0,0,0,0,0,0,0,0,0,0,0,0,0,0,0,0,0,0,0,0,0,0,0,0,0,0,0,0,0,0,0,7,7,6,6,8,8,7,7,6,9,9,8,9,7,6,8,0,0,0,0,9,9,9,9,8,8,3,3,4,7,6,7,9,6,4,7,7,7,9,6,0,0,0,0,0,0,0,0,0,0,0,0,0,0,0,0,0,0,0,0,0,0,0,0,0,0,0,0,0,0,0,0,0,0,0,0,0,0,0,0,7,7,7,7,7,7,7,7,3,5,5,5,8,5,3,5,5,6,8,5,7,7,6,6,6,6,7,7,3,5,5,5,7,5,3,6,6,5,7,5,7,7,4,4,6,6,6,6,3,5,5,5,7,5,3,5,5,5,7,5
EMECC_HECC_8,7,8,8,8,7,8,8,8,6,8,8,7,7,7,7,8,0,0,0,0,5,8,8,8,5,8,8,8,4,7,8,7,5,7,7,8,0,0,0,0,6,7,7,7,7,6,8,8,5,7,7,7,6,6,6,8,0,0,0,0,0,0,0,0,0,0,0,0,0,0,0,0,0,0,0,0,0,0,0,0,0,0,0,0,0,0,0,0,0,0,0,0,0,0,0,0,0,0,0,0,9,9,9,9,8,8,8,8,7,8,8,8,8,7,7,9,0,0,0,0,9,9,9,9,9,7,9,9,6,7,7,7,7,7,6,8,0,0,0,0,0,0,0,0,0,0,0,0,0,0,0,0,0,0,0,0,0,0,0,0,0,0,0,0,0,0,0,0,0,0,0,0,0,0,0,0,0,0,0,0,8,8,7,6,9,9,8,7,7,10,9,8,10,8,6,8,0,0,0,0,8,8,8,8,9,9,8,8,3,6,5,6,0,7,3,6,6,6,10,7,0,0,0,0,0,0,0,0,0,0,0,0,0,0,0,0,0,0,0,0,0,0,0,0,0,0,0,0,0,0,0,0,0,0,0,0,0,0,0,0,8,8,8,8,8,8,8,8,2,4,4,4,9,6,2,4,4,5,9,6,8,8,6,6,7,7,8,8,2,4,4,4,8,6,2,5,5,4,8,6,8,8,7,7,5,5,7,7,2,4,4,4,8,6,2,4,4,4,8,6
EMECC_1,8,9,9,9,8,9,9,9,4,9,7,8,8,5,5,9,5,5,5,3,7,9,9,9,7,9,9,9,5,8,9,8,7,5,5,9,5,5,5,3,3,3,3,3,8,4,9,9,4,1,1,1,1,4,4,9,5,5,5,2,9,10,11,9,8,8,8,8,3,9,7,7,9,8,9,10,10,11,11,9,9,10,10,10,10,10,10,10,4,10,9,9,9,8,9,11,11,11,11,9,10,10,10,10,4,4,4,4,5,3,3,3,3,5,5,10,6,7,7,3,10,10,10,10,2,2,2,2,0,2,2,3,3,5,0,9,5,5,5,3,6,6,6,6,5,5,5,5,0,7,7,7,7,4,0,4,4,5,5,4,10,10,9,9,10,10,11,11,0,10,9,9,10,6,0,11,11,11,11,8,9,9,8,7,0,0,0,0,0,11,10,9,11,6,0,9,7,7,7,4,10,10,10,10,0,0,0,0,5,9,8,9,10,5,5,9,9,9,11,5,6,6,6,6,9,9,9,9,5,4,4,4,4,5,5,9,9,9,9,5,7,8,8,8,3,3,3,3,4,8,7,7,8,5,6,9,9,9,9,6,9,9,9,9,9,9,9,9,4,8,8,8,10,4,4,7,7,8,10,4,2,2,7,7,8,8,9,9,4,7,7,7,9,4,4,8,8,7,9,4,9,9,8,8,0,0,0,0,4,7,7,7,9,4,4,7,7,7,9,4
EMECC_2,8,9,9,9,8,9,9,9,4,9,7,8,8,5,5,9,5,5,5,3,7,9,9,9,7,9,9,9,5,8,9,8,7,5,5,9,5,5,5,3,3,3,3,3,8,4,9,9,4,1,1,1,1,4,4,9,5,5,5,2,9,10,11,9,8,8,8,8,3,9,7,7,9,8,9,10,10,11,11,9,9,10,10,10,10,10,10,10,4,10,9,9,9,8,9,11,11,11,11,9,10,10,10,10,4,4,4,4,5,3,3,3,3,5,5,10,6,7,7,3,10,10,10,10,2,2,2,2,0,2,2,3,3,5,0,9,5,5,5,3,6,6,6,6,5,5,5,5,0,7,7,7,7,4,0,4,4,5,5,4,10,10,9,9,10,10,11,11,0,10,9,9,10,6,0,11,11,11,11,8,9,9,8,7,0,0,0,0,0,11,10,9,11,6,0,9,7,7,7,4,10,10,10,10,0,0,0,0,5,9,8,9,10,5,5,9,9,9,11,5,6,6,6,6,9,9,9,9,5,4,4,4,4,5,5,9,9,9,9,5,7,8,8,8,3,3,3,3,4,8,7,7,8,5,6,9,9,9,9,6,9,9,9,9,9,9,9,9,4,8,8,8,10,4,4,7,7,8,10,4,2,2,7,7,8,8,9,9,4,7,7,7,9,4,4,8,8,7,9,4,9,9,8,8,0,0,0,0,4,7,7,7,9,4,4,7,7,7,9,4
EMECC_3,8,9,9,9,8,9,9,9,4,9,7,8,8,5,5,9,5,5,5,3,7,9,9,9,7,9,9,9,5,8,9,8,7,5,5,9,5,5,5,3,3,3,3,3,8,4,9,9,4,1,1,1,1,4,4,9,5,5,5,2,9,10,11,9,8,8,8,8,3,9,7,7,9,8,9,10,10,11,11,9,9,10,10,10,10,10,10,10,4,10,9,9,9,8,9,11,11,11,11,9,10,10,10,10,4,4,4,4,5,3,3,3,3,5,5,10,6,7,7,3,10,10,10,10,2,2,2,2,0,2,2,3,3,5,0,9,5,5,5,3,6,6,6,6,5,5,5,5,0,7,7,7,7,4,0,4,4,5,5,4,10,10,9,9,10,10,11,11,0,10,9,9,10,6,0,11,11,11,11,8,9,9,8,7,0,0,0,0,0,11,10,9,11,6,0,9,7,7,7,4,10,10,10,10,0,0,0,0,5,9,8,9,10,5,5,9,9,9,11,5,6,6,6,6,9,9,9,9,5,4,4,4,4,5,5,9,9,9,9,5,7,8,8,8,3,3,3,3,4,8,7,7,8,5,6,9,9,9,9,6,9,9,9,9,9,9,9,9,4,8,8,8,10,4,4,7,7,8,10,4,2,2,7,7,8,8,9,9,4,7,7,7,9,4,4,8,8,7,9,4,9,9,8,8,0,0,0,0,4,7,7,7,9,4,4,7,7,7,9,4
EMECC_4,8,9,9,9,8,9,9,9,4,9,7,8,8,5,5,9,5,5,5,3,7,9,9,9,7,9,9,9,5,8,9,8,7,5,5,9,5,5,5,3,3,3,3,3,8,4,9,9,4,1,1,1,1,4,4,9,5,5,5,2,9,10,11,9,8,8,8,8,3,9,7,7,9,8,9,10,10,11,11,9,9,10,10,10,10,10,10,10,4,10,9,9,9,8,9,11,11,11,11,9,10,10,10,10,4,4,4,4,5,3,3,3,3,5,5,10,6,7,7,3,10,10,10,10,2,2,2,2,0,2,2,3,3,5,0,9,5,5,5,3,6,6,6,6,5,5,5,5,0,7,7,7,7,4,0,4,4,5,5,4,10,10,9,9,10,10,11,11,0,10,9,9,10,6,0,11,11,11,11,8,9,9,8,7,0,0,0,0,0,11,10,9,11,6,0,9,7,7,7,4,10,10,10,10,0,0,0,0,5,9,8,9,10,5,5,9,9,9,11,5,6,6,6,6,9,9,9,9,5,4,4,4,4,5,5,9,9,9,9,5,7,8,8,8,3,3,3,3,4,8,7,7,8,5,6,9,9,9,9,6,9,9,9,9,9,9,9,9,4,8,8,8,10,4,4,7,7,8,10,4,2,2,7,7,8,8,9,9,4,7,7,7,9,4,4,8,8,7,9,4,9,9,8,8,0,0,0,0,4,7,7,7,9,4,4,7,7,7,9,4
EMECC_5,8,9,9,9,8,9,9,9,4,9,7,8,8,5,5,9,5,5,5,3,7,9,9,9,7,9,9,9,5,8,9,8,7,5,5,9,5,5,5,3,3,3,3,3,8,4,9,9,4,1,1,1,1,4,4,9,5,5,5,2,9,10,11,9,8,8,8,8,3,9,7,7,9,8,9,10,10,11,11,9,9,10,10,10,10,10,10,10,4,10,9,9,9,8,9,11,11,11,11,9,10,10,10,10,4,4,4,4,5,3,3,3,3,5,5,10,6,7,7,3,10,10,10,10,2,2,2,2,0,2,2,3,3,5,0,9,5,5,5,3,6,6,6,6,5,5,5,5,0,7,7,7,7,4,0,4,4,5,5,4,10,10,9,9,10,10,11,11,0,10,9,9,10,6,0,11,11,11,11,8,9,9,8,7,0,0,0,0,0,11,10,9,11,6,0,9,7,7,7,4,10,10,10,10,0,0,0,0,5,9,8,9,10,5,5,9,9,9,11,5,6,6,6,6,9,9,9,9,5,4,4,4,4,5,5,9,9,9,9,5,7,8,8,8,3,3,3,3,4,8,7,7,8,5,6,9,9,9,9,6,9,9,9,9,9,9,9,9,4,8,8,8,10,4,4,7,7,8,10,4,2,2,7,7,8,8,9,9,4,7,7,7,9,4,4,8,8,7,9,4,9,9,8,8,0,0,0,0,4,7,7,7,9,4,4,7,7,7,9,4
EMECC_6,8,9,9,9,8,9,9,9,4,9,7,8,8,5,5,9,5,5,5,3,7,9,9,9,7,9,9,9,5,8,9,8,7,5,5,9,5,5,5,3,3,3,3,3,8,4,9,9,4,1,1,1,1,4,4,9,5,5,5,2,9,10,11,9,8,8,8,8,3,9,7,7,9,8,9,10,10,11,11,9,9,10,10,10,10,10,10,10,4,10,9,9,9,8,9,11,11,11,11,9,10,10,10,10,4,4,4,4,5,3,3,3,3,5,5,10,6,7,7,3,10,10,10,10,2,2,2,2,0,2,2,3,3,5,0,9,5,5,5,3,6,6,6,6,5,5,5,5,0,7,7,7,7,4,0,4,4,5,5,4,10,10,9,9,10,10,11,11,0,10,9,9,10,6,0,11,11,11,11,8,9,9,8,7,0,0,0,0,0,11,10,9,11,6,0,9,7,7,7,4,10,10,10,10,0,0,0,0,5,9,8,9,10,5,5,9,9,9,11,5,6,6,6,6,9,9,9,9,5,4,4,4,4,5,5,9,9,9,9,5,7,8,8,8,3,3,3,3,4,8,7,7,8,5,6,9,9,9,9,6,9,9,9,9,9,9,9,9,4,8,8,8,10,4,4,7,7,8,10,4,2,2,7,7,8,8,9,9,4,7,7,7,9,4,4,8,8,7,9,4,9,9,8,8,0,0,0,0,4,7,7,7,9,4,4,7,7,7,9,4
EMECC_7,8,9,9,9,8,9,9,9,4,9,7,8,8,5,5,9,5,5,5,3,7,9,9,9,7,9,9,9,5,8,9,8,7,5,5,9,5,5,5,3,3,3,3,3,8,4,9,9,4,1,1,1,1,4,4,9,5,5,5,2,9,10,11,9,8,8,8,8,3,9,7,7,9,8,9,10,10,11,11,9,9,10,10,10,10,10,10,10,4,10,9,9,9,8,9,11,11,11,11,9,10,10,10,10,4,4,4,4,5,3,3,3,3,5,5,10,6,7,7,3,10,10,10,10,2,2,2,2,0,2,2,3,3,5,0,9,5,5,5,3,6,6,6,6,5,5,5,5,0,7,7,7,7,4,0,4,4,5,5,4,10,10,9,9,10,10,11,11,0,10,9,9,10,6,0,11,11,11,11,8,9,9,8,7,0,0,0,0,0,11,10,9,11,6,0,9,7,7,7,4,10,10,10,10,0,0,0,0,5,9,8,9,10,5,5,9,9,9,11,5,6,6,6,6,9,9,9,9,5,4,4,4,4,5,5,9,9,9,9,5,7,8,8,8,3,3,3,3,4,8,7,7,8,5,6,9,9,9,9,6,9,9,9,9,9,9,9,9,4,8,8,8,10,4,4,7,7,8,10,4,2,2,7,7,8,8,9,9,4,7,7,7,9,4,4,8,8,7,9,4,9,9,8,8,0,0,0,0,4,7,7,7,9,4,4,7,7,7,9,4
EMECC_8,8,9,9,9,8,9,9,9,4,9,7,8,8,5,5,9,5,5,5,3,7,9,9,9,7,9,9,9,5,8,9,8,7,5,5,9,5,5,5,3,3,3,3,3,8,4,9,9,4,1,1,1,1,4,4,9,5,5,5,2,9,10,11,9,8,8,8,8,3,9,7,7,9,8,9,10,10,11,11,9,9,10,10,10,10,10,10,10,4,10,9,9,9,8,9,11,11,11,11,9,10,10,10,10,4,4,4,4,5,3,3,3,3,5,5,10,6,7,7,3,10,10,10,10,2,2,2,2,0,2,2,3,3,5,0,9,5,5,5,3,6,6,6,6,5,5,5,5,0,7,7,7,7,4,0,4,4,5,5,4,10,10,9,9,10,10,11,11,0,10,9,9,10,6,0,11,11,11,11,8,9,9,8,7,0,0,0,0,0,11,10,9,11,6,0,9,7,7,7,4,10,10,10,10,0,0,0,0,5,9,8,9,10,5,5,9,9,9,11,5,6,6,6,6,9,9,9,9,5,4,4,4,4,5,5,9,9,9,9,5,7,8,8,8,3,3,3,3,4,8,7,7,8,5,6,9,9,9,9,6,9,9,9,9,9,9,9,9,4,8,8,8,10,4,4,7,7,8,10,4,2,2,7,7,8,8,9,9,4,7,7,7,9,4,4,8,8,7,9,4,9,9,8,8,0,0,0,0,4,7,7,7,9,4,4,7,7,7,9,4
EMECC_9,8,9,9,9,8,9,9,9,4,9,7,8,8,5,5,9,5,5,5,3,7,9,9,9,7,9,9,9,5,8,9,8,7,5,5,9,5,5,5,3,3,3,3,3,8,4,9,9,4,1,1,1,1,4,4,9,5,5,5,2,9,10,11,9,8,8,8,8,3,9,7,7,9,8,9,10,10,11,11,9,9,10,10,10,10,10,10,10,4,10,9,9,9,8,9,11,11,11,11,9,10,10,10,10,4,4,4,4,5,3,3,3,3,5,5,10,6,7,7,3,10,10,10,10,2,2,2,2,0,2,2,3,3,5,0,9,5,5,5,3,6,6,6,6,5,5,5,5,0,7,7,7,7,4,0,4,4,5,5,4,10,10,9,9,10,10,11,11,0,10,9,9,10,6,0,11,11,11,11,8,9,9,8,7,0,0,0,0,0,11,10,9,11,6,0,9,7,7,7,4,10,10,10,10,0,0,0,0,5,9,8,9,10,5,5,9,9,9,11,5,6,6,6,6,9,9,9,9,5,4,4,4,4,5,5,9,9,9,9,5,7,8,8,8,3,3,3,3,4,8,7,7,8,5,6,9,9,9,9,6,9,9,9,9,9,9,9,9,4,8,8,8,10,4,4,7,7,8,10,4,2,2,7,7,8,8,9,9,4,7,7,7,9,4,4,8,8,7,9,4,9,9,8,8,0,0,0,0,4,7,7,7,9,4,4,7,7,7,9,4
EMECC_10,8,9,9,9,8,9,9,9,4,9,7,8,8,5,5,9,5,5,5,3,7,9,9,9,7,9,9,9,5,8,9,8,7,5,5,9,5,5,5,3,3,3,3,3,8,4,9,9,4,1,1,1,1,4,4,9,5,5,5,2,9,10,11,9,8,8,8,8,3,9,7,7,9,8,9,10,10,11,11,9,9,10,10,10,10,10,10,10,4,10,9,9,9,8,9,11,11,11,11,9,10,10,10,10,4,4,4,4,5,3,3,3,3,5,5,10,6,7,7,3,10,10,10,10,2,2,2,2,0,2,2,3,3,5,0,9,5,5,5,3,6,6,6,6,5,5,5,5,0,7,7,7,7,4,0,4,4,5,5,4,10,10,9,9,10,10,11,11,0,10,9,9,10,6,0,11,11,11,11,8,9,9,8,7,0,0,0,0,0,11,10,9,11,6,0,9,7,7,7,4,10,10,10,10,0,0,0,0,6,9,8,9,10,5,5,9,9,9,11,5,6,6,6,6,9,9,9,9,7,4,4,4,4,5,5,9,9,9,9,5,7,8,8,8,3,3,3,3,5,8,7,7,8,5,6,9,9,10,10,6,9,9,9,9,9,9,9,9,6,8,8,8,10,4,4,7,7,9,11,4,2,2,7,7,9,9,10,10,4,7,7,7,9,4,4,8,8,7,9,4,9,9,8,8,7,7,8,8,4,7,7,7,9,4,4,7,7,7,9,4
EMECC_11,8,9,9,9,8,9,9,9,4,9,7,8,8,5,5,9,5,5,5,3,7,9,9,9,7,9,9,9,5,8,9,8,7,5,5,9,5,5,5,3,3,3,3,3,8,4,9,9,4,1,1,1,1,4,4,9,5,5,5,2,9,10,11,9,8,8,8,8,3,9,7,7,9,8,9,10,10,11,11,9,9,10,10,10,10,10,10,10,4,10,9,9,9,8,9,11,11,11,11,9,10,10,10,10,4,4,4,4,5,3,3,3,3,5,5,10,6,7,7,3,10,10,10,10,2,2,2,2,0,2,2,3,3,5,0,9,5,5,5,3,6,6,6,6,5,5,5,5,0,7,7,7,7,4,0,4,4,5,5,4,10,10,9,9,10,10,11,11,0,10,9,9,10,6,0,11,11,11,11,8,9,9,8,7,0,0,0,0,0,11,10,9,11,6,0,9,7,7,7,4,10,10,10,10,0,0,0,0,5,9,8,9,10,5,5,9,9,9,11,5,6,6,6,6,9,9,9,9,5,4,4,4,4,5,5,9,9,9,9,5,7,8,8,8,3,3,3,3,4,8,7,7,8,5,6,9,9,9,9,6,9,9,9,9,9,9,9,9,4,8,8,8,10,4,4,7,7,8,10,4,2,2,7,7,8,8,9,9,4,7,7,7,9,4,4,8,8,7,9,4,9,9,8,8,0,0,0,0,4,7,7,7,9,4,4,7,7,7,9,4
EMECC_12,8,9,9,9,8,9,9,9,4,9,7,8,8,5,5,9,5,5,5,3,7,9,9,9,7,9,9,9,5,8,9,8,7,5,5,9,5,5,5,3,3,3,3,3,8,4,9,9,4,1,1,1,1,4,4,9,5,5,5,2,9,10,11,9,8,8,8,8,3,9,7,7,9,8,9,10,10,11,11,9,9,10,10,10,10,10,10,10,4,10,9,9,9,8,9,11,11,11,11,9,10,10,10,10,4,4,4,4,5,3,3,3,3,5,5,10,6,7,7,3,10,10,10,10,2,2,2,2,0,2,2,3,3,5,0,9,5,5,5,3,6,6,6,6,5,5,5,5,0,7,7,7,7,4,0,4,4,5,5,4,10,10,9,9,10,10,11,11,0,10,9,9,10,6,0,11,11,11,11,8,9,9,8,7,0,0,0,0,0,11,10,9,11,6,0,9,7,7,7,4,10,10,10,10,0,0,0,0,5,9,8,9,10,5,5,9,9,9,11,5,6,6,6,6,9,9,9,9,5,4,4,4,4,5,5,9,9,9,9,5,7,8,8,8,3,3,3,3,4,8,7,7,8,5,6,9,9,9,9,6,9,9,9,9,9,9,9,9,4,8,8,8,10,4,4,7,7,8,10,4,2,2,7,7,8,8,9,9,4,7,7,7,9,4,4,8,8,7,9,4,9,9,8,8,0,0,0,0,4,7,7,7,9,4,4,7,7,7,9,4
EMECC_13,8,9,9,9,8,9,9,9,4,9,7,8,8,5,5,9,5,5,5,3,7,9,9,9,7,9,9,9,5,8,9,8,7,5,5,9,5,5,5,3,3,3,3,3,8,4,9,9,4,1,1,1,1,4,4,9,5,5,5,2,9,10,11,9,8,8,8,8,3,9,7,7,9,8,9,10,10,11,11,9,9,10,10,10,10,10,10,10,4,10,9,9,9,8,9,11,11,11,11,9,10,10,10,10,4,4,4,4,5,3,3,3,3,5,5,10,6,7,7,3,10,10,10,10,10,8,10,10,0,8,8,8,8,5,0,9,5,5,5,3,6,6,6,6,6,6,6,6,0,8,8,8,8,4,0,4,4,5,5,4,11,11,10,10,11,11,12,12,0,11,10,10,11,7,0,12,12,12,12,9,10,10,9,8,10,10,9,8,0,12,11,10,12,9,0,10,8,8,8,5,11,11,11,11,10,10,9,9,5,4,4,4,4,8,5,4,4,4,4,8,8,8,8,8,10,10,10,10,5,3,3,8,8,6,5,7,7,7,7,6,7,8,8,8,3,3,3,3,4,8,7,7,8,5,6,9,9,9,9,6,9,9,9,9,9,9,9,9,4,8,8,8,10,4,4,7,7,8,10,4,2,2,7,7,8,8,9,9,4,7,7,7,9,4,4,8,8,7,9,4,9,9,8,8,0,0,0,0,4,7,7,7,9,4,4,7,7,7,9,4
EMECC_14,8,9,9,9,8,9,9,9,4,9,7,8,8,5,5,9,5,5,5,3,7,9,9,9,7,9,9,9,5,8,9,8,7,5,5,9,5,5,5,3,3,3,3,3,8,4,9,9,4,1,1,1,1,4,4,9,5,5,5,2,9,10,11,9,8,8,8,8,3,9,7,7,9,8,9,10,10,11,11,9,9,10,10,10,10,10,10,10,4,10,9,9,9,8,9,11,11,11,11,9,10,10,10,10,4,4,4,4,5,3,3,3,3,5,5,10,6,7,7,3,10,10,10,10,2,2,2,2,0,2,2,3,3,5,0,9,5,5,5,3,6,6,6,6,5,5,5,5,0,7,7,7,7,4,0,4,4,5,5,4,10,10,9,9,10,10,11,11,0,10,9,9,10,6,0,11,11,11,11,8,9,9,8,7,0,0,0,0,0,11,10,9,11,6,0,9,7,7,7,4,10,10,10,10,0,0,0,0,5,9,8,9,10,5,5,9,9,9,11,5,6,6,6,6,9,9,9,9,5,4,4,4,4,5,5,9,9,9,9,5,7,8,8,8,3,3,3,3,4,8,7,7,8,5,6,9,9,9,9,6,9,9,9,9,9,9,9,9,4,8,8,8,10,4,4,7,7,8,10,4,2,2,7,7,8,8,9,9,4,7,7,7,9,4,4,8,8,7,9,4,9,9,8,8,0,0,0,0,4,7,7,7,9,4,4,7,7,7,9,4
EMECC_15,8,9,9,9,8,9,9,9,4,9,7,8,8,5,5,9,5,5,5,3,7,9,9,9,7,9,9,9,5,8,9,8,7,5,5,9,5,5,5,3,3,3,3,3,8,4,9,9,4,1,1,1,1,4,4,9,5,5,5,2,9,10,11,9,8,8,8,8,3,9,7,7,9,8,9,10,10,11,11,9,9,10,10,10,10,10,10,10,4,10,9,9,9,8,9,11,11,11,11,9,10,10,10,10,4,4,4,4,5,3,3,3,3,5,5,10,6,7,7,3,10,10,10,10,2,2,2,2,0,2,2,3,3,5,0,9,5,5,5,3,6,6,6,6,5,5,5,5,0,7,7,7,7,4,0,4,4,5,5,4,10,10,9,9,10,10,11,11,0,10,9,9,10,6,0,11,11,11,11,8,9,9,8,7,0,0,0,0,0,11,10,9,11,6,0,9,7,7,7,4,10,10,10,10,0,0,0,0,5,9,8,9,10,5,5,9,9,9,11,5,6,6,6,6,9,9,9,9,5,4,4,4,4,5,5,9,9,9,9,5,7,8,8,8,3,3,3,3,4,8,7,7,8,5,6,9,9,9,9,6,9,9,9,9,9,9,9,9,4,8,8,8,10,4,4,7,7,8,10,4,2,2,7,7,8,8,9,9,4,7,7,7,9,4,4,8,8,7,9,4,9,9,8,8,0,0,0,0,4,7,7,7,9,4,4,7,7,7,9,4
EMECC_16,8,9,9,9,8,9,9,9,4,9,7,8,8,5,5,9,5,5,5,3,7,9,9,9,7,9,9,9,5,8,9,8,7,5,5,9,5,5,5,3,3,3,3,3,8,4,9,9,4,1,1,1,1,4,4,9,5,5,5,2,9,10,11,9,8,8,8,8,3,9,7,7,9,8,9,10,10,11,11,9,9,10,10,10,10,10,10,10,4,10,9,9,9,8,9,11,11,11,11,9,10,10,10,10,4,4,4,4,5,3,3,3,3,5,5,10,6,7,7,3,10,10,10,10,2,2,2,2,0,2,2,3,3,5,0,9,5,5,5,3,6,6,6,6,5,5,5,5,0,7,7,7,7,4,0,4,4,5,5,4,10,10,9,9,10,10,11,11,0,10,9,9,10,6,0,11,11,11,11,8,9,9,8,7,0,0,0,0,0,11,10,9,11,6,0,9,7,7,7,4,10,10,10,10,0,0,0,0,5,9,8,9,10,5,5,9,9,9,11,5,6,6,6,6,9,9,9,9,5,4,4,4,4,5,5,9,9,9,9,5,8,9,9,9,3,3,3,3,4,8,7,7,8,5,6,9,9,9,9,6,10,10,10,10,9,9,9,9,4,8,8,8,10,4,4,7,7,8,10,4,2,2,7,7,8,8,9,9,4,8,8,8,10,4,4,8,8,7,9,4,9,9,8,8,0,0,0,0,4,8,8,8,10,4,4,7,7,7,9,4
FCAL1A,1,10,10,10,9,10,6,10,7,10,9,9,0,0,0,0,0,0,0,0,8,10,0,0,8,10,10,10,6,9,10,9,0,0,0,0,0,0,0,0,7,8,8,8,9,8,10,10,6,8,8,2,0,0,0,0,0,0,0,0,10,11,12,10,9,9,9,9,4,10,8,8,0,0,0,0,0,0,0,0,9,11,11,11,11,11,11,11,5,11,10,10,0,0,0,0,0,0,0,0,11,11,11,11,9,9,9,9,8,9,9,9,0,0,0,0,0,0,0,0,11,11,11,11,11,9,11,11,7,9,9,9,0,0,0,0,0,0,0,0,7,7,7,7,7,7,7,7,4,9,9,9,0,0,0,0,0,0,0,0,12,12,11,11,12,12,11,13,6,3,7,11,0,0,0,0,0,0,0,0,11,11,10,9,11,11,10,9,8,13,12,11,0,0,0,0,0,0,0,0,12,12,12,12,11,11,10,10,7,10,9,10,0,0,0,0,0,0,0,0,2,9,9,9,7,7,9,11,8,8,8,9,0,0,0,0,0,0,0,0,9,10,10,10,8,8,7,7,6,9,8,8,0,0,0,0,0,0,0,0,11,11,11,11,10,10,10,10,7,9,9,9,0,0,0,0,0,0,0,0,9,9,8,8,10,10,11,11,5,9,9,9,0,0,0,0,0,0,0,0,0,10,9,9,8,8,9,9,5,9,9,9,0,0,0,0,0,0,0,0
FCAL1C,1,10,10,10,9,10,6,10,7,10,9,9,0,0,0,0,0,0,0,0,8,10,0,0,8,10,10,10,6,9,10,9,0,0,0,0,0,0,0,0,7,8,8,8,9,8,10,10,6,8,8,2,0,0,0,0,0,0,0,0,10,11,12,10,9,9,9,9,4,10,8,8,0,0,0,0,0,0,0,0,9,11,11,11,11,11,11,11,5,11,10,10,0,0,0,0,0,0,0,0,11,11,11,11,9,9,9,9,8,9,9,9,0,0,0,0,0,0,0,0,11,11,11,11,11,9,11,11,7,9,9,9,0,0,0,0,0,0,0,0,7,7,8,8,8,8,7,7,4,9,9,9,0,0,0,0,0,0,0,0,12,12,12,12,13,13,11,13,7,12,1,12,0,0,0,0,0,0,0,0,11,11,10,9,11,11,10,9,8,13,12,11,0,0,0,0,0,0,0,0,12,12,12,12,11,11,10,10,7,10,9,10,0,0,0,0,0,0,0,0,2,9,9,9,7,7,9,11,8,8,8,9,0,0,0,0,0,0,0,0,9,10,10,10,8,8,7,7,6,9,8,8,0,0,0,0,0,0,0,0,11,11,11,11,10,10,10,10,7,9,9,9,0,0,0,0,0,0,0,0,9,9,8,8,10,10,11,11,5,9,9,9,0,0,0,0,0,0,0,0,0,10,9,9,8,8,9,9,5,9,9,9,0,0,0,0,0,0,0,0
FCAL2A,8,9,11,11,10,11,9,9,8,11,10,10,0,0,0,0,0,0,0,0,9,11,10,10,9,11,11,11,7,10,11,10,0,0,0,0,0,0,0,0,8,9,9,9,10,9,11,11,7,0,0,8,0,0,0,0,0,0,0,0,11,12,13,11,10,10,10,10,5,11,4,9,0,0,0,0,0,0,0,0,10,12,12,12,12,12,12,12,6,12,11,11,0,0,0,0,0,0,0,0,12,12,12,1,10,10,10,10,9,10,10,10,0,0,0,0,0,0,0,0,12,12,12,12,10,10,12,12,8,10,10,10,0,0,0,0,0,0,0,0,6,6,9,9,9,9,5,5,5,10,10,10,0,0,0,0,0,0,0,0,13,13,3,13,14,14,13,14,8,13,11,13,0,0,0,0,0,0,0,0,12,12,11,0,12,12,11,10,9,14,13,12,0,0,0,0,0,0,0,0,13,13,13,0,12,12,11,11,8,11,10,11,0,0,0,0,0,0,0,0,9,10,10,10,11,11,11,12,9,9,9,10,0,0,0,0,0,0,0,0,10,11,11,9,9,9,8,8,7,10,9,9,0,0,0,0,0,0,0,0,12,12,12,12,11,11,11,11,8,10,10,10,0,0,0,0,0,0,0,0,10,10,9,9,11,11,10,10,6,10,10,10,0,0,0,0,0,0,0,0,9,9,10,1,9,9,0,0,6,10,10,10,0,0,0,0,0,0,0,0
FCAL2C,8,9,12,11,10,12,9,9,9,11,10,11,0,0,0,0,0,0,0,0,9,11,11,10,9,12,11,11,8,10,11,11,0,0,0,0,0,0,0,0,8,9,10,9,10,10,11,11,8,0,0,9,0,0,0,0,0,0,0,0,11,12,14,11,10,11,10,10,6,11,4,10,0,0,0,0,0,0,0,0,11,13,13,13,11,13,13,13,7,13,12,12,0,0,0,0,0,0,0,0,13,13,13,12,11,11,11,11,10,11,11,11,0,0,0,0,0,0,0,0,8,9,13,7,12,11,13,13,9,11,11,11,0,0,0,0,0,0,0,0,8,8,10,10,10,10,8,8,6,11,11,11,0,0,0,0,0,0,0,0,14,14,13,14,15,15,14,15,9,14,12,14,0,0,0,0,0,0,0,0,13,13,12,10,13,13,12,11,10,15,14,13,0,0,0,0,0,0,0,0,14,14,14,13,13,13,12,12,9,12,11,12,0,0,0,0,0,0,0,0,10,11,11,11,12,12,12,13,10,10,10,11,0,0,0,0,0,0,0,0,10,11,12,9,9,10,8,8,8,10,9,10,0,0,0,0,0,0,0,0,12,12,13,12,11,12,11,11,9,10,10,11,0,0,0,0,0,0,0,0,10,10,10,9,11,12,10,10,7,10,10,11,0,0,0,0,0,0,0,0,9,9,11,1,9,10,0,0,7,10,10,11,0,0,0,0,0,0,0,0
